<?xml version="1.0" encoding="UTF-8"?>
<DocSetNodes version="1.0">
    <TOC>
        <Node type="folder">
            <Name>AviarySDK</Name>
            <Path>index.html</Path>
			<Subnodes>
                
				
				<Node type="folder">
					<Name>Classes</Name>
					<Path>index.html</Path>
					<Subnodes>
						<NodeRef refid="1"/>
						<NodeRef refid="2"/>
						<NodeRef refid="3"/>
						<NodeRef refid="4"/>
						<NodeRef refid="5"/>
						<NodeRef refid="6"/>
						
					</Subnodes>
				</Node>
				
				
				
				<Node type="folder">
					<Name>Protocols</Name>
					<Path>index.html</Path>
					<Subnodes>
						<NodeRef refid="7"/>
						<NodeRef refid="8"/>
						<NodeRef refid="9"/>
						
					</Subnodes>
				</Node>
				
			</Subnodes>
        </Node>
    </TOC>
	<Library>
		
		<Node id="1">
			<Name>AFOpenGLManager</Name>
			<Path>Classes/AFOpenGLManager.html</Path>
		</Node>
		<Node id="2">
			<Name>AFPhotoEditorContext</Name>
			<Path>Classes/AFPhotoEditorContext.html</Path>
		</Node>
		<Node id="3">
			<Name>AFPhotoEditorController</Name>
			<Path>Classes/AFPhotoEditorController.html</Path>
		</Node>
		<Node id="4">
			<Name>AFPhotoEditorCustomization</Name>
			<Path>Classes/AFPhotoEditorCustomization.html</Path>
		</Node>
		<Node id="5">
			<Name>AFPhotoEditorProduct</Name>
			<Path>Classes/AFPhotoEditorProduct.html</Path>
		</Node>
		<Node id="6">
			<Name>AFPhotoEditorSession</Name>
			<Path>Classes/AFPhotoEditorSession.html</Path>
		</Node>
		
		
		<Node id="7">
			<Name>AFInAppPurchaseManager</Name>
			<Path>Protocols/AFInAppPurchaseManager.html</Path>
		</Node>
		<Node id="8">
			<Name>AFInAppPurchaseManagerDelegate</Name>
			<Path>Protocols/AFInAppPurchaseManagerDelegate.html</Path>
		</Node>
		<Node id="9">
			<Name>AFPhotoEditorControllerDelegate</Name>
			<Path>Protocols/AFPhotoEditorControllerDelegate.html</Path>
		</Node>
		
	</Library>
</DocSetNodes>