{"comments_count":0,"created_at":"2014-02-14T06:47:28.875Z","deleted_at":null,"flag_count":0,"info":{"age_groups":["3-5","6-8"],"authors":["Jeff Dinardo"],"can_record":true,"can_remix":true,"can_translate":true,"categories":["Action and Adventure","Animals and Nature","Family and Friends","Morals and Values"],"currency":"INR","grades":["2nd","3rd"],"illustrators":["Jim Paillot"],"is_free":true,"language":"English","learning_levels":["Level 2"],"mango_status":1,"price":0.0,"publish_targets":["Mango Store"],"publisher":"Funny Bone Readers, MangoReader","subjects":["English and Language Arts","Early Learning"],"tags":["Animals","Nature","Friends","Courage","Team","Support"],"translators":[],"vos":["MangoReader"],"id":"52d0708469702d5fe19d2500"},"keywords":["Attack","Of","The","Bully","Bug","English","Action and Adventure","Animals and Nature","Family and Friends","Morals and Values","Animals","Nature","Friends","Courage","Team","Support","Funny Bone Readers, MangoReader","Jeff Dinardo"],"like_count":0,"old_id":2752,"page_count":9,"price":{"inr":0.0,"usd":0.0,"id":"52d08e2669702d4768510000"},"read_count":4,"sane_title":"Attack-Of-The-Bully-Bug","story_id":"52d0708469702d5fe19c2500","story_image":"res/93022f00bd.jpg","synopsis":"The bugs in Bugville have had it with bullies! When Beetle moves to town, he shows the bugs how teamwork can help get Bully Bug to back off.","title":"Attack Of The Bully Bug","updated_at":"2014-03-24T12:25:27.664Z","user_id":"52cf2a5b69702d4e07f91200","user_name":"nagesh","views":66,"widget_count":4,"id":"52fdbbff69702d16a9030000","pages":[{"child":null,"created_at":"2014-02-14T06:42:53.336Z","deleted_at":null,"game_cover":"/assets/editor/widgets/word-search.png","is_avail":true,"layers":[{"audio_id":null,"created_at":"2014-02-14T06:46:33.278Z","html":null,"name":"","order":0,"story_path":"/stories/52fdbbff69702d16a9030000/","style":{"top":null,"left":null},"text":"","updated_at":"2014-02-14T06:46:33.278Z","words":["BULLY","ATTACK","MARKET","SHOP","ROAR","AMAZING","BOTHER","BUG","EARTH","BUTTERFLY","SCREAM","TEAM","GIANT","FRIENDS"],"id":"52fdbbc969702d0bbd760000"}],"name":"wordsearch","pageNo":1,"pageable_id":"52fdbbff69702d16a9030000","pageable_type":"LiveStory","parent":"52fdbbff69702d16a9340000","type":"game","updated_at":"2014-02-14T06:47:27.731Z","id":"52fdbbff69702d16a9040000"},{"child":null,"created_at":"2014-02-14T06:37:38.515Z","deleted_at":null,"game_cover":"/assets/editor/widgets/choose-the-correct-option.png","is_avail":true,"layers":[{"audio_id":null,"correctAnswer":"1","created_at":"2014-02-14T06:39:38.656Z","hintAnswer":"Refer page 2 and 3","html":null,"name":"","option1":"Because there was an earthquake","option2":"Because Bully Bug was coming","order":0,"question":"Why everyone in the Bugville was running and screaming?","story_path":"/stories/52fdbbff69702d16a9030000/","style":{"top":null,"left":null},"text":"","updated_at":"2014-02-14T06:39:38.656Z","id":"52fdba2a69702d0bb21c0000"}],"name":"true_false","pageNo":1,"pageable_id":"52fdbbff69702d16a9030000","pageable_type":"LiveStory","parent":"52fdbbff69702d16a9150000","type":"game","updated_at":"2014-02-14T06:47:27.722Z","id":"52fdbbff69702d16a9170000"},{"child":null,"created_at":"2014-01-10T22:13:24.343Z","deleted_at":null,"is_avail":true,"layers":[{"alignment":"middle","name":"","order":0,"page_name":"4","style":{"top":null,"left":null},"text":"","type":"image","updated_at":"2014-02-14T06:21:55.371Z","url":"res/95268e78c6.jpg","id":"52d0708469702d5fe1b22500"},{"audio_id":"52d0708469702d5fe1b32500","html":"\n    \n    \u003Cspan class=\"innerText\" style=\"\"\u003E\n   \u003Cspan class=\"word\" id=\"word-1\"\u003E\"He's \u003C/span\u003E \u003Cspan class=\"word\" id=\"word-2\"\u003Ea\u003C/span\u003E \u003Cspan class=\"word\" id=\"word-3\"\u003Ebig\u003C/span\u003E \u003Cspan class=\"word\" id=\"word-4\"\u003Ebully!\"\u003C/span\u003E \u003Cspan class=\"word\" id=\"word-5\"\u003Esaid\u003C/span\u003E \u003Cspan class=\"word\" id=\"word-6\"\u003Ethe\u003C/span\u003E \u003Cspan class=\"word\" id=\"word-7\"\u003Ebutterfly.\u003C/span\u003E \u003Cspan class=\"word\" id=\"word-8\"\u003E\"He\u003C/span\u003E \u003Cspan class=\"word\" id=\"word-9\"\u003Epicks\u003C/span\u003E \u003Cspan class=\"word\" id=\"word-10\"\u003Eon\u003C/span\u003E \u003Cspan class=\"word\" id=\"word-11\"\u003Eall\u0026nbsp;of\u0026nbsp;us\u003C/span\u003E \u003Cspan class=\"word\" id=\"word-12\"\u003Elittle\u003C/span\u003E \u003Cspan class=\"word\" id=\"word-13\"\u003Ebugs.\"\u003C/span\u003E \u003Cspan class=\"word\" id=\"word-14\"\u003E\"Give\u003C/span\u003E \u003Cspan class=\"word\" id=\"word-15\"\u003Eme\u003C/span\u003E\u003Cbr\u003E\u003Cspan class=\"word\" id=\"word-16\"\u003Eyour \u003C/span\u003E \u003Cspan class=\"word\" id=\"word-17\"\u003Elunch!\"\u003C/span\u003E \u003Cspan class=\"word\" id=\"word-18\"\u003EBully\u003C/span\u003E \u003Cspan class=\"word\" id=\"word-19\"\u003EBug\u003C/span\u003E \u003Cspan class=\"word\" id=\"word-20\"\u003Eroared.\u003C/span\u003E \u003Cspan class=\"word\" id=\"word-21\"\u003E\"I\u003C/span\u003E \u003Cspan class=\"word\" id=\"word-22\"\u003Ewant\u003C/span\u003E \u003Cspan class=\"word\" id=\"word-23\"\u003Eit\u003C/span\u003E \u003Cspan class=\"word\" id=\"word-24\"\u003Enow!\"\u003C/span\u003E \u003Cspan class=\"word\" id=\"word-25\"\u003Ehe\u003C/span\u003E \u003Cspan class=\"word\" id=\"word-26\"\u003Edemanded.\u003C/span\u003E\u003Cbr\u003E\n    \u003C/span\u003E\n  ","image_alignment":"middle","name":"text","order":0,"page_name":"4","style":{"width":1015,"height":96,"left":0,"top":649.71875,"top_ratio":1.18,"left_ratio":0,"font-family":null,"color":null,"z-index":3,"font-size":"25px","line-height":"1.2"},"text":"\"He's a big bully!\" said the butterfly. \"He picks on all of us little bugs.\" \"Give me\nyour lunch!\" Bully Bug roared. \"I want it now!\" he demanded.\n","type":"text","updated_at":"2014-02-14T05:10:53.129Z","id":"52d0708469702d5fe1b02500"},{"html":null,"name":"","order":0,"text_id":"52d0708469702d5fe1b02500","type":"audio","url":"res/737f5bbabe.mp3","wordMap":[{"word":"\"He's","step":4,"wordIdx":1},{"word":"a","step":9,"wordIdx":2},{"word":"big","step":12,"wordIdx":3},{"word":"bully!\"","step":18,"wordIdx":4},{"word":"","step":27,"wordIdx":5},{"word":"said","step":29,"wordIdx":6},{"word":"the","step":33,"wordIdx":7},{"word":"butterfly.","step":35,"wordIdx":8},{"word":"\"He","step":42,"wordIdx":9},{"word":"picks","step":47,"wordIdx":10},{"word":"on","step":50,"wordIdx":11},{"word":"all","step":53,"wordIdx":12},{"word":"us","step":56,"wordIdx":13},{"word":"little","step":58,"wordIdx":14},{"word":"bugs.\"","step":60,"wordIdx":15},{"word":"\"Give","step":73,"wordIdx":16},{"word":"me","step":78,"wordIdx":17},{"word":"your","step":83,"wordIdx":18},{"word":"lunch!\"","step":85,"wordIdx":19},{"word":"Bully","step":101,"wordIdx":20},{"word":"Bug","step":106,"wordIdx":21},{"word":"roared.","step":111,"wordIdx":22},{"word":"\"I","step":123,"wordIdx":23},{"word":"want","step":128,"wordIdx":24},{"word":"it","step":131,"wordIdx":25},{"word":"now!\"","step":134,"wordIdx":26},{"word":"he","step":148,"wordIdx":27},{"word":"demanded.","step":151,"wordIdx":28}],"wordTimes":[0.447777,0.948555,1.198365,1.8,2.700857,2.9000000000000004,3.3000000000000003,3.5,4.209508,4.74692,4.99773,5.272016,5.6000000000000005,5.800000000000001,6,7.297762,7.797539,8.299317,8.549285,10.054777,10.555555,11.091968,12.341491,12.842428,13.091237,13.4,14.842539,15.092507],"id":"52d0708469702d5fe1b32500"},{"color":"rgb(255, 102, 0)","html":null,"name":"","order":0,"type":"color","id":"52d0708469702d5fe1b42500"}],"name":"4","pageNo":1,"pageable_id":"52fdbbff69702d16a9030000","pageable_type":"LiveStory","type":"page","updated_at":"2014-02-14T06:21:55.369Z","id":"52fdbbff69702d16a9210000"},{"created_at":"2014-01-10T22:13:24.364Z","deleted_at":null,"is_avail":true,"layers":[{"alignment":"middle","name":"","order":0,"page_name":"6","style":{"top":null,"left":null},"text":"","type":"image","updated_at":"2014-02-03T11:42:55.220Z","url":"res/0477a9024c.jpg","id":"52d0708469702d5fe1bc2500"},{"audio_id":"52d0708469702d5fe1bd2500","html":"\n    \n    \u003Cspan class=\"innerText\" style=\"\"\u003E\n   \u003Cspan class=\"word\" id=\"word-1\"\u003EThe \u003C/span\u003E \u003Cspan class=\"word\" id=\"word-2\"\u003Enext\u003C/span\u003E \u003Cspan class=\"word\" id=\"word-3\"\u003Eday\u003C/span\u003E \u003Cspan class=\"word\" id=\"word-4\"\u003Ewhen\u003C/span\u003E \u003Cspan class=\"word\" id=\"word-5\"\u003EBully\u003C/span\u003E \u003Cspan class=\"word\" id=\"word-6\"\u003EBug\u003C/span\u003E \u003Cspan class=\"word\" id=\"word-7\"\u003Eshowed\u003C/span\u003E \u003Cspan class=\"word\" id=\"word-8\"\u003Eup\u003C/span\u003E \u003Cspan class=\"word\" id=\"word-9\"\u003Esomething\u003C/span\u003E \u003Cspan class=\"word\" id=\"word-10\"\u003Ewas\u003C/span\u003E \u003Cspan class=\"word\" id=\"word-11\"\u003Ethere\u003C/span\u003E \u003Cspan class=\"word\" id=\"word-12\"\u003Eto\u003C/span\u003E \u003Cspan class=\"word\" id=\"word-13\"\u003Emeet\u003C/span\u003E \u003Cspan class=\"word\" id=\"word-14\"\u003Ehim.\u003C/span\u003E \u003Cspan class=\"word\" id=\"word-15\"\u003EIt\u003C/span\u003E\u003Cbr\u003E\u003Cspan class=\"word\" id=\"word-16\"\u003Ewas \u003C/span\u003E \u003Cspan class=\"word\" id=\"word-17\"\u003Ea\u003C/span\u003E \u003Cspan class=\"word\" id=\"word-18\"\u003Egiant\u003C/span\u003E \u003Cspan class=\"word\" id=\"word-19\"\u003Ebug\u003C/span\u003E \u003Cspan class=\"word\" id=\"word-20\"\u003E-eating\u003C/span\u003E \u003Cspan class=\"word\" id=\"word-21\"\u003Ebird.\u003C/span\u003E \u003Cspan class=\"word\" id=\"word-22\"\u003E\"Leave\u003C/span\u003E \u003Cspan class=\"word\" id=\"word-23\"\u003Emy\u003C/span\u003E \u003Cspan class=\"word\" id=\"word-24\"\u003Efriends\u003C/span\u003E \u003Cspan class=\"word\" id=\"word-25\"\u003Ealone!\"\u003C/span\u003E \u003Cspan class=\"word\" id=\"word-26\"\u003Eyelled\u003C/span\u003E \u003Cspan class=\"word\" id=\"word-27\"\u003Ethe\u003C/span\u003E \u003Cspan class=\"word\" id=\"word-28\"\u003Ebird,\u003C/span\u003E \u003Cspan class=\"word\" id=\"word-29\"\u003E\"Or\u003C/span\u003E \u003Cspan class=\"word\" id=\"word-30\"\u003Eyou\u003C/span\u003E\u003Cbr\u003E\u003Cspan class=\"word\" id=\"word-31\"\u003Ewill \u003C/span\u003E \u003Cspan class=\"word\" id=\"word-32\"\u003Emake\u003C/span\u003E \u003Cspan class=\"word\" id=\"word-33\"\u003Ea\u003C/span\u003E \u003Cspan class=\"word\" id=\"word-34\"\u003Etasty\u003C/span\u003E \u003Cspan class=\"word\" id=\"word-35\"\u003Esnack!\"\u003C/span\u003E\u003Cbr\u003E\n    \u003C/span\u003E\n  ","image_alignment":"middle","name":"text","order":0,"page_name":"6","style":{"width":1002,"height":123,"left":15,"top":627.4375,"top_ratio":1.22,"left_ratio":68.13,"font-family":null,"color":null,"z-index":3,"font-size":"25px","line-height":"1.2"},"text":"The next day when Bully Bug showed up something was there to meet him. It\nwas a giant bug -eating bird. \"Leave my friends alone!\" yelled the bird, \"Or you\nwill make a tasty snack!\"\n","type":"text","updated_at":"2014-01-31T13:42:39.535Z","id":"52d0708469702d5fe1ba2500"},{"html":null,"name":"","order":0,"text_id":"52d0708469702d5fe1ba2500","type":"audio","url":"res/6afcbb0ae2.mp3","wordMap":[{"word":"The","step":3,"wordIdx":1},{"word":"next","step":5,"wordIdx":2},{"word":"day","step":9,"wordIdx":3},{"word":"when","step":17,"wordIdx":4},{"word":"Bully","step":20,"wordIdx":5},{"word":"Bug","step":23,"wordIdx":6},{"word":"showed","step":26,"wordIdx":7},{"word":"up","step":29,"wordIdx":8},{"word":"something","step":37,"wordIdx":9},{"word":"was","step":44,"wordIdx":10},{"word":"there","step":47,"wordIdx":11},{"word":"to","step":50,"wordIdx":12},{"word":"meet","step":52,"wordIdx":13},{"word":"him.","step":54,"wordIdx":14},{"word":"It","step":68,"wordIdx":15},{"word":"was","step":73,"wordIdx":16},{"word":"a","step":76,"wordIdx":17},{"word":"giant","step":78,"wordIdx":18},{"word":"bug","step":86,"wordIdx":19},{"word":"-eating","step":93,"wordIdx":20},{"word":"bird.","step":98,"wordIdx":21},{"word":"\"Leave","step":123,"wordIdx":22},{"word":"my","step":128,"wordIdx":23},{"word":"friends","step":133,"wordIdx":24},{"word":"alone!\"","step":139,"wordIdx":25},{"word":"","step":156,"wordIdx":26},{"word":"yelled","step":155,"wordIdx":27},{"word":"the","step":158,"wordIdx":28},{"word":"bird,","step":161,"wordIdx":29},{"word":"\"Or","step":172,"wordIdx":30},{"word":"you","step":177,"wordIdx":31},{"word":"will","step":182,"wordIdx":32},{"word":"make","step":186,"wordIdx":33},{"word":"a","step":189,"wordIdx":34},{"word":"tasty","step":193,"wordIdx":35},{"word":"snack!\"","step":201,"wordIdx":36}],"wordTimes":[0.30000000000000004,0.5,0.949555,1.701301,1.952269,2.3000000000000003,2.6,2.9000000000000004,3.726888,4.4,4.727603,5.000888,5.2,5.4,6.806143,7.30792,7.55773,7.808698,8.561444,9.31319,9.816126,12.3,12.8,13.3,13.9,15.585285,15.5,15.8,16.1,17.2,17.7,18.2,18.607428,18.858397,19.3,20.11192],"id":"52d0708469702d5fe1bd2500"},{"color":"rgb(255, 102, 0)","html":null,"name":"","order":0,"type":"color","id":"52d0708469702d5fe1be2500"}],"name":"6","pageNo":1,"pageable_id":"52fdbbff69702d16a9030000","pageable_type":"LiveStory","type":"page","updated_at":"2014-01-10T22:13:24.367Z","id":"52fdbbff69702d16a9260000"},{"child":"52fdbbff69702d16a92f0000","created_at":"2014-01-10T22:13:24.383Z","deleted_at":null,"is_avail":true,"layers":[{"alignment":"middle","name":"","order":0,"page_name":"8","style":{"top":null,"left":null},"text":"","type":"image","updated_at":"2014-02-14T06:26:17.418Z","url":"res/cb72da36e4.jpg","id":"52d0708469702d5fe1c62500"},{"audio_id":"52d0708469702d5fe1c72500","html":"\n    \n    \u003Cspan class=\"innerText\" style=\"\"\u003E\n   \u003Cspan class=\"word\" id=\"word-1\"\u003E\"Hurray \u003C/span\u003E \u003Cspan class=\"word\" id=\"word-2\"\u003Efor\u003C/span\u003E \u003Cspan class=\"word\" id=\"word-3\"\u003EBeetle!\"\u003C/span\u003E \u003Cspan class=\"word\" id=\"word-4\"\u003Eshouted\u003C/span\u003E \u003Cspan class=\"word\" id=\"word-5\"\u003Ethe\u003C/span\u003E \u003Cspan class=\"word\" id=\"word-6\"\u003Ebugs.\u003C/span\u003E \u003Cspan class=\"word\" id=\"word-7\"\u003E\"I\u003C/span\u003E \u003Cspan class=\"word\" id=\"word-8\"\u003Edon't\u003C/span\u003E \u003Cspan class=\"word\" id=\"word-9\"\u003Ethink\u003C/span\u003E \u003Cspan class=\"word\" id=\"word-10\"\u003EBully\u003C/span\u003E\u003Cbr\u003E\u003Cspan class=\"word\" id=\"word-11\"\u003EBug \u003C/span\u003E \u003Cspan class=\"word\" id=\"word-12\"\u003Ewill\u003C/span\u003E \u003Cspan class=\"word\" id=\"word-13\"\u003Ebother\u003C/span\u003E \u003Cspan class=\"word\" id=\"word-14\"\u003Eus\u003C/span\u003E \u003Cspan class=\"word\" id=\"word-15\"\u003Eagain,\"\u003C/span\u003E \u003Cspan class=\"word\" id=\"word-16\"\u003Esaid\u003C/span\u003E \u003Cspan class=\"word\" id=\"word-17\"\u003Ethe\u003C/span\u003E \u003Cspan class=\"word\" id=\"word-18\"\u003Ebutterfly.\u003C/span\u003E \u003Cspan class=\"word\" id=\"word-19\"\u003EAnd\u003C/span\u003E \u003Cspan class=\"word\" id=\"word-20\"\u003Ehe\u003C/span\u003E \u003Cspan class=\"word\" id=\"word-21\"\u003Enever\u003C/span\u003E\u003Cbr\u003E\u003Cspan class=\"word\" id=\"word-22\"\u003Edid!\u003C/span\u003E\u003Cbr\u003E\n    \u003C/span\u003E\n  ","image_alignment":"middle","name":"text","order":0,"page_name":"8","style":{"width":1018,"height":134,"left":0,"top":630,"top_ratio":1.22,"left_ratio":0,"font-family":null,"color":null,"z-index":3,"font-size":"25px","line-height":"1.2"},"text":"\"Hurray for Beetle!\" shouted the bugs. \"I don't think Bully\nBug will bother us again,\" said the butterfly. And he never\ndid!\n","type":"text","updated_at":"2014-02-14T05:22:13.376Z","id":"52d0708469702d5fe1c42500"},{"html":null,"name":"","order":0,"text_id":"52d0708469702d5fe1c42500","type":"audio","url":"res/7639722205.mp3","wordMap":[{"word":"\"Hurray","step":3,"wordIdx":1},{"word":"for","step":6,"wordIdx":2},{"word":"Beetle!\"","step":11,"wordIdx":3},{"word":"shouted","step":18,"wordIdx":4},{"word":"the","step":24,"wordIdx":5},{"word":"bugs.","step":24,"wordIdx":6},{"word":"\"I","step":34,"wordIdx":7},{"word":"don't","step":36,"wordIdx":8},{"word":"think","step":39,"wordIdx":9},{"word":"Bully","step":41,"wordIdx":10},{"word":"Bug","step":46,"wordIdx":11},{"word":"will","step":49,"wordIdx":12},{"word":"bother","step":54,"wordIdx":13},{"word":"us","step":56,"wordIdx":14},{"word":"again,\"","step":59,"wordIdx":15},{"word":"said","step":71,"wordIdx":16},{"word":"the","step":74,"wordIdx":17},{"word":"butterfly.","step":77,"wordIdx":18},{"word":"And","step":94,"wordIdx":19},{"word":"he","step":102,"wordIdx":20},{"word":"never","step":104,"wordIdx":21},{"word":"did!","step":109,"wordIdx":22}],"wordTimes":[0.347031,0.597,1.097777,1.847523,2.372777,2.372777,3.376491,3.627301,3.877269,4.128237,4.627015,4.877983,5.383761,5.63373,5.884698,7.136222,7.38719,7.659317,9.405619,10.157365,10.408333,10.912269],"id":"52d0708469702d5fe1c72500"}],"name":"8","pageNo":1,"pageable_id":"52fdbbff69702d16a9030000","pageable_type":"LiveStory","type":"page","updated_at":"2014-02-14T06:47:27.719Z","id":"52fdbbff69702d16a9080000"},{"created_at":"2014-01-10T22:13:24.304Z","deleted_at":null,"is_avail":true,"layers":[{"alignment":"middle","type":"image","url":"res/93022f00bd.jpg","id":"52d0708469702d5fe19f2500"}],"name":"Cover","pageable_id":"52fdbbff69702d16a9030000","pageable_type":"LiveStory","type":"page","updated_at":"2014-01-10T22:13:24.304Z","id":"52fdbbff69702d16a90a0000"},{"child":"52fdbbff69702d16a9170000","created_at":"2014-01-10T22:13:24.333Z","deleted_at":null,"is_avail":true,"layers":[{"alignment":"middle","name":"","order":0,"page_name":"3","style":{"top":null,"left":null},"text":"","type":"image","updated_at":"2014-02-14T06:37:38.641Z","url":"res/7a6c6d4320.jpg","id":"52d0708469702d5fe1ad2500"},{"audio_id":"52d0708469702d5fe1ae2500","html":"\n    \n    \u003Cspan class=\"innerText\" style=\"\"\u003E\n   \u003Cspan class=\"word\" id=\"word-1\"\u003E\"Look \u003C/span\u003E \u003Cspan class=\"word\" id=\"word-2\"\u003Eover\u003C/span\u003E \u003Cspan class=\"word\" id=\"word-3\"\u003Ethere,\"\u003C/span\u003E \u003Cspan class=\"word\" id=\"word-4\"\u003Esaid\u003C/span\u003E \u003Cspan class=\"word\" id=\"word-5\"\u003Ea\u003C/span\u003E \u003Cspan class=\"word\" id=\"word-6\"\u003Ebutterfly.\u003C/span\u003E \u003Cspan class=\"word\" id=\"word-7\"\u003E\"It's\u003C/span\u003E\u003Cbr\u003E\u003Cspan class=\"word\" id=\"word-8\"\u003EIt's\" \u003C/span\u003E \u003Cspan class=\"word\" id=\"word-9\"\u003E\"BULLY\u003C/span\u003E \u003Cspan class=\"word\" id=\"word-10\"\u003EBUG!\"\u003C/span\u003E\u003Cbr\u003E\n    \u003C/span\u003E\n  ","image_alignment":"middle","name":"text","order":0,"page_name":"3","style":{"width":923,"height":86,"left":36,"top":671.390625,"top_ratio":"1.1400000000000001","left_ratio":28.39,"font-family":null,"color":null,"z-index":3,"font-size":"25px","line-height":"1.2"},"text":"\"Look over there,\" said a butterfly. \"It's\nIt's\" \"BULLY BUG!\"\n","type":"text","updated_at":"2014-02-14T05:10:26.053Z","id":"52d0708469702d5fe1ab2500"},{"html":null,"name":"","order":0,"text_id":"52d0708469702d5fe1ab2500","type":"audio","url":"res/bd433e0150.mp3","wordMap":[{"word":"\"Look","step":4,"wordIdx":1},{"word":"over","step":6,"wordIdx":2},{"word":"there,\"","step":9,"wordIdx":3},{"word":"said","step":16,"wordIdx":4},{"word":"a","step":21,"wordIdx":5},{"word":"butterfly.","step":21,"wordIdx":6},{"word":"\"It's","step":32,"wordIdx":7},{"word":"It's\"","step":44,"wordIdx":8},{"word":"\"BULLY","step":67,"wordIdx":9},{"word":"BUG!\"","step":69,"wordIdx":10}],"wordTimes":[0.364349,0.615317,0.886603,1.639349,2.140126,2.140126,3.155,4.407523,6.659761,6.90973],"id":"52d0708469702d5fe1ae2500"},{"color":"rgb(255, 102, 0)","html":null,"name":"","order":0,"type":"color","id":"52d0708469702d5fe1af2500"}],"name":"3","pageNo":1,"pageable_id":"52fdbbff69702d16a9030000","pageable_type":"LiveStory","type":"page","updated_at":"2014-02-14T06:47:27.724Z","id":"52fdbbff69702d16a9150000"},{"child":null,"created_at":"2014-01-10T22:13:24.324Z","deleted_at":null,"is_avail":true,"layers":[{"alignment":"middle","type":"image","url":"res/521eeac6f3.jpg","id":"52d0708469702d5fe1a82500"},{"audio_id":"52d0708469702d5fe1a92500","html":"\n    \n    \u003Cspan class=\"innerText\" style=\"\"\u003E\n   \u003Cspan class=\"word\" id=\"word-1\"\u003ESuddenly \u003C/span\u003E \u003Cspan class=\"word\" id=\"word-2\"\u003Ethe\u003C/span\u003E \u003Cspan class=\"word\" id=\"word-3\"\u003Eground\u003C/span\u003E \u003Cspan class=\"word\" id=\"word-4\"\u003Estarted\u003C/span\u003E \u003Cspan class=\"word\" id=\"word-5\"\u003Eto\u003C/span\u003E \u003Cspan class=\"word\" id=\"word-6\"\u003Eshake.\u003C/span\u003E \u003Cspan class=\"word\" id=\"word-7\"\u003E\"Run\u003C/span\u003E \u003Cspan class=\"word\" id=\"word-8\"\u003Eaway!\"\u003C/span\u003E \u003Cspan class=\"word\" id=\"word-9\"\u003Ebugs\u003C/span\u003E\u003Cbr\u003E\u003Cspan class=\"word\" id=\"word-10\"\u003Escreamed. \u003C/span\u003E \u003Cspan class=\"word\" id=\"word-11\"\u003E\"What's\u003C/span\u003E \u003Cspan class=\"word\" id=\"word-12\"\u003Ewrong?\"\u003C/span\u003E \u003Cspan class=\"word\" id=\"word-13\"\u003Eyelled\u003C/span\u003E \u003Cspan class=\"word\" id=\"word-14\"\u003EBeetle.\u003C/span\u003E \u003Cspan class=\"word\" id=\"word-15\"\u003E\"Is\u003C/span\u003E \u003Cspan class=\"word\" id=\"word-16\"\u003Eit\u003C/span\u003E \u003Cspan class=\"word\" id=\"word-17\"\u003Ean\u003C/span\u003E\u003Cbr\u003E\u003Cspan class=\"word\" id=\"word-18\"\u003Eearthquake?\"\u003C/span\u003E\u003Cbr\u003E\n    \u003C/span\u003E\n  ","image_alignment":"middle","name":"text","order":0,"page_name":"2","style":{"width":992,"height":118,"left":27.984375,"top":646,"top_ratio":1.19,"left_ratio":36.52,"font-family":null,"color":null,"z-index":3,"font-size":"25px","line-height":"1.2"},"text":"Suddenly the ground started to shake. \"Run away!\" bugs\nscreamed. \"What's wrong?\" yelled Beetle. \"Is it an\nearthquake?\"\n","type":"text","updated_at":"2014-02-14T05:10:14.351Z","id":"52d0708469702d5fe1a62500"},{"html":null,"name":"","order":0,"text_id":"52d0708469702d5fe1a62500","type":"audio","url":"res/e439c612bf.mp3","wordMap":[{"word":"Suddenly","step":2,"wordIdx":1},{"word":"the","step":9,"wordIdx":2},{"word":"ground","step":12,"wordIdx":3},{"word":"started","step":17,"wordIdx":4},{"word":"to","step":20,"wordIdx":5},{"word":"shake.","step":23,"wordIdx":6},{"word":"\"Run","step":36,"wordIdx":7},{"word":"away!\"","step":39,"wordIdx":8},{"word":"bugs","step":51,"wordIdx":9},{"word":"screamed.","step":58,"wordIdx":10},{"word":"\"What's","step":73,"wordIdx":11},{"word":"wrong?\"","step":79,"wordIdx":12},{"word":"yelled","step":95,"wordIdx":13},{"word":"Beetle.","step":100,"wordIdx":14},{"word":"\"Is","step":112,"wordIdx":15},{"word":"it","step":114,"wordIdx":16},{"word":"an","step":117,"wordIdx":17},{"word":"earthquake?\"","step":120,"wordIdx":18}],"wordTimes":[0.2,0.9,1.2000000000000002,1.7000000000000002,2,2.3000000000000003,3.613142,3.863111,5.114634,5.800000000000001,7.300000000000001,7.904126,9.5,10,11.183397,11.433365,11.707651,11.963619],"id":"52d0708469702d5fe1a92500"},{"color":"rgb(255, 102, 0)","html":null,"name":"","order":0,"type":"color","id":"52d0708469702d5fe1aa2500"}],"name":"2","pageNo":1,"pageable_id":"52fdbbff69702d16a9030000","pageable_type":"LiveStory","type":"page","updated_at":"2014-01-31T14:19:00.149Z","id":"52fdbbff69702d16a91c0000"},{"child":null,"created_at":"2014-02-14T06:25:07.456Z","deleted_at":null,"game_cover":"/assets/editor/widgets/solve-the-puzzle.png","is_avail":true,"layers":[{"audio_id":null,"created_at":"2014-02-14T06:25:15.882Z","html":null,"name":"","order":0,"story_path":"/stories/52fdbbff69702d16a9030000/","style":{"top":null,"left":null},"text":"","updated_at":"2014-02-14T06:25:15.882Z","url":"res/original_733aa2fe78.jpg","id":"52fdb6cb69702d05b0230000"}],"name":"jigsaw","pageNo":1,"pageable_id":"52fdbbff69702d16a9030000","pageable_type":"LiveStory","parent":"52fdbbff69702d16a92b0000","type":"game","updated_at":"2014-02-14T06:47:27.726Z","id":"52fdbbff69702d16a92d0000"},{"child":"52fdbbff69702d16a9040000","created_at":"2014-01-10T22:13:24.374Z","deleted_at":null,"is_avail":true,"layers":[{"alignment":"middle","name":"","order":0,"page_name":"7","style":{"top":null,"left":null},"text":"","type":"image","updated_at":"2014-02-03T11:43:18.269Z","url":"res/a4f8f1f173.jpg","id":"52d0708469702d5fe1c12500"},{"audio_id":"52d0708469702d5fe1c22500","html":"\n    \n    \u003Cspan class=\"innerText\" style=\"\"\u003E\n   \u003Cspan class=\"word\" id=\"word-1\"\u003E\"AHHHHHH!\" \u003C/span\u003E \u003Cspan class=\"word\" id=\"word-2\"\u003Eyelled\u003C/span\u003E \u003Cspan class=\"word\" id=\"word-3\"\u003EBully\u003C/span\u003E \u003Cspan class=\"word\" id=\"word-4\"\u003EBug\u003C/span\u003E \u003Cspan class=\"word\" id=\"word-5\"\u003Eas\u003C/span\u003E \u003Cspan class=\"word\" id=\"word-6\"\u003Ehe\u003C/span\u003E \u003Cspan class=\"word\" id=\"word-7\"\u003Eran\u003C/span\u003E \u003Cspan class=\"word\" id=\"word-8\"\u003Eaway.\u003C/span\u003E\u003Cbr\u003E\n    \u003C/span\u003E\n  ","image_alignment":"middle","name":"text","order":0,"page_name":"7","style":{"width":978,"height":60,"left":21,"top":676.390625,"top_ratio":1.13,"left_ratio":48.67,"font-family":null,"color":null,"z-index":3,"font-size":"25px","line-height":"1.2"},"text":"\"AHHHHHH!\" yelled Bully Bug as he ran away.\n","type":"text","updated_at":"2014-02-14T05:24:40.552Z","id":"52d0708469702d5fe1bf2500"},{"html":null,"name":"","order":0,"text_id":"52d0708469702d5fe1bf2500","type":"audio","url":"res/78a33f2b19.mp3","wordMap":[{"word":"\"AHHHHHH!\"","step":1,"wordIdx":1},{"word":"yelled","step":19,"wordIdx":2},{"word":"Bully","step":26,"wordIdx":3},{"word":"Bug","step":29,"wordIdx":4},{"word":"as","step":34,"wordIdx":5},{"word":"he","step":39,"wordIdx":6},{"word":"ran","step":39,"wordIdx":7},{"word":"away.","step":44,"wordIdx":8}],"wordTimes":[0.120539,1.880158,2.630745,2.880714,3.383491,3.885428,3.885428,4.402523],"id":"52d0708469702d5fe1c22500"},{"color":"rgb(255, 102, 0)","html":null,"name":"","order":0,"type":"color","id":"52d0708469702d5fe1c32500"}],"name":"7","pageNo":1,"pageable_id":"52fdbbff69702d16a9030000","pageable_type":"LiveStory","type":"page","updated_at":"2014-02-14T06:47:27.733Z","id":"52fdbbff69702d16a9340000"},{"child":null,"created_at":"2014-01-10T22:13:24.313Z","deleted_at":null,"is_avail":true,"layers":[{"alignment":"middle","name":"","order":0,"page_name":"1","style":{"top":null,"left":null},"text":"","type":"image","updated_at":"2014-02-03T11:41:20.470Z","url":"res/76ad76762b.jpg","id":"52d0708469702d5fe1a22500"},{"audio_id":"52d0708469702d5fe1a32500","html":"\n    \n    \u003Cspan class=\"innerText\" style=\"\"\u003E\n   \u003Cspan class=\"word\" id=\"word-1\"\u003EBeetle \u003C/span\u003E \u003Cspan class=\"word\" id=\"word-2\"\u003Ewas\u003C/span\u003E \u003Cspan class=\"word\" id=\"word-3\"\u003Enew\u003C/span\u003E \u003Cspan class=\"word\" id=\"word-4\"\u003Ein\u003C/span\u003E \u003Cspan class=\"word\" id=\"word-5\"\u003EBugville.\u003C/span\u003E \u003Cspan class=\"word\" id=\"word-6\"\u003EIt\u003C/span\u003E \u003Cspan class=\"word\" id=\"word-7\"\u003Elooks\u003C/span\u003E \u003Cspan class=\"word\" id=\"word-8\"\u003Elike\u003C/span\u003E \u003Cspan class=\"word\" id=\"word-9\"\u003Ea\u003C/span\u003E \u003Cspan class=\"word\" id=\"word-10\"\u003Enice\u003C/span\u003E \u003Cspan class=\"word\" id=\"word-11\"\u003Equiet\u003C/span\u003E \u003Cspan class=\"word\" id=\"word-12\"\u003Etown.\u003C/span\u003E \u003Cspan class=\"word\" id=\"word-13\"\u003EHe\u003C/span\u003E \u003Cspan class=\"word\" id=\"word-14\"\u003Eset\u003C/span\u003E\u003Cbr\u003E\u003Cspan class=\"word\" id=\"word-15\"\u003Eup \u003C/span\u003E \u003Cspan class=\"word\" id=\"word-16\"\u003Eshop\u003C/span\u003E \u003Cspan class=\"word\" id=\"word-17\"\u003Eand\u003C/span\u003E \u003Cspan class=\"word\" id=\"word-18\"\u003Ewaited\u003C/span\u003E \u003Cspan class=\"word\" id=\"word-19\"\u003Efor\u003C/span\u003E \u003Cspan class=\"word\" id=\"word-20\"\u003Ehis\u003C/span\u003E \u003Cspan class=\"word\" id=\"word-21\"\u003Efirst\u003C/span\u003E \u003Cspan class=\"word\" id=\"word-22\"\u003Ecustomers.\u003C/span\u003E\u003Cbr\u003E\n    \u003C/span\u003E\n  ","image_alignment":"middle","name":"text","order":0,"page_name":"1","style":{"width":987,"height":94,"left":31,"top":659.34375,"top_ratio":1.16,"left_ratio":32.97,"font-family":null,"color":null,"z-index":3,"font-size":"25px","line-height":"1.2"},"text":"Beetle was new in Bugville. It looks like a nice quiet town. He set\nup shop and waited for his first customers.\n","type":"text","updated_at":"2014-02-14T05:10:00.635Z","id":"52d0708469702d5fe1a02500"},{"html":null,"name":"","order":0,"text_id":"52d0708469702d5fe1a02500","type":"audio","url":"res/91cf20152c.mp3","wordMap":[{"word":"Beetle","step":2,"wordIdx":1},{"word":"was","step":10,"wordIdx":2},{"word":"new","step":12,"wordIdx":3},{"word":"in","step":17,"wordIdx":4},{"word":"Bugville.","step":20,"wordIdx":5},{"word":"It","step":30,"wordIdx":6},{"word":"look","step":35,"wordIdx":7},{"word":"like","step":37,"wordIdx":8},{"word":"a","step":40,"wordIdx":9},{"word":"nice","step":42,"wordIdx":10},{"word":"quiet","step":50,"wordIdx":11},{"word":"town.","step":52,"wordIdx":12},{"word":"He","step":67,"wordIdx":13},{"word":"set","step":72,"wordIdx":14},{"word":"up","step":77,"wordIdx":15},{"word":"shop","step":80,"wordIdx":16},{"word":"and","step":88,"wordIdx":17},{"word":"waited","step":90,"wordIdx":18},{"word":"for","step":95,"wordIdx":19},{"word":"his","step":98,"wordIdx":20},{"word":"first","step":100,"wordIdx":21},{"word":"customers.","step":103,"wordIdx":22}],"wordTimes":[0.198809,0.977031,1.227841,1.727777,1.979587,2.984301,3.485238,3.736047,3.986016,4.235825,4.986571,5.237539,6.740031,7.240809,7.749745,8.009873,8.761619,9.013587,9.512365,9.764333,10.014142,10.264111],"id":"52d0708469702d5fe1a32500"},{"color":"rgb(255, 102, 0)","html":null,"name":"","order":0,"type":"color","id":"52d0708469702d5fe1a42500"},{"alignment":"left","html":null,"name":"","order":0,"text":"Double click to add text here...","type":"text-1","id":"52d0708469702d5fe1a52500"}],"name":"1","pageNo":1,"pageable_id":"52fdbbff69702d16a9030000","pageable_type":"LiveStory","type":"page","updated_at":"2014-02-14T06:21:44.903Z","id":"52fdbbff69702d16a9100000"},{"child":"52fdbbff69702d16a92d0000","created_at":"2014-01-10T22:13:24.353Z","deleted_at":null,"is_avail":true,"layers":[{"alignment":"middle","name":"","order":0,"page_name":"5","style":{"top":null,"left":null},"text":"","type":"image","updated_at":"2014-02-14T06:25:07.587Z","url":"res/733aa2fe78.jpg","id":"52d0708469702d5fe1b72500"},{"audio_id":"52d0708469702d5fe1b82500","html":"\n    \n    \u003Cspan class=\"innerText\" style=\"\"\u003E\n   \u003Cspan class=\"word\" id=\"word-1\"\u003EBeetle \u003C/span\u003E \u003Cspan class=\"word\" id=\"word-2\"\u003Ecalled\u003C/span\u003E \u003Cspan class=\"word\" id=\"word-3\"\u003Eall\u003C/span\u003E \u003Cspan class=\"word\" id=\"word-4\"\u003Ethe\u003C/span\u003E \u003Cspan class=\"word\" id=\"word-5\"\u003Ebugs\u003C/span\u003E \u003Cspan class=\"word\" id=\"word-6\"\u003Etogether.\u003C/span\u003E \u003Cspan class=\"word\" id=\"word-7\"\u003E\"I\u003C/span\u003E \u003Cspan class=\"word\" id=\"word-8\"\u003Ehave\u003C/span\u003E \u003Cspan class=\"word\" id=\"word-9\"\u003Ean\u003C/span\u003E \u003Cspan class=\"word\" id=\"word-10\"\u003Eidea,\"\u003C/span\u003E \u003Cspan class=\"word\" id=\"word-11\"\u003Ehe\u003C/span\u003E \u003Cspan class=\"word\" id=\"word-12\"\u003Esaid.\u003C/span\u003E \u003Cspan class=\"word\" id=\"word-13\"\u003E\"But\u003C/span\u003E \u003Cspan class=\"word\" id=\"word-14\"\u003Ewe\u003C/span\u003E \u003Cspan class=\"word\" id=\"word-15\"\u003Ehave\u003C/span\u003E \u003Cspan class=\"word\" id=\"word-16\"\u003Eto\u003C/span\u003E\u003Cbr\u003E\u003Cspan class=\"word\" id=\"word-17\"\u003Ework \u003C/span\u003E \u003Cspan class=\"word\" id=\"word-18\"\u003Eas\u003C/span\u003E \u003Cspan class=\"word\" id=\"word-19\"\u003Ea\u003C/span\u003E \u003Cspan class=\"word\" id=\"word-20\"\u003Eteam.\"\u003C/span\u003E \u003Cspan class=\"word\" id=\"word-21\"\u003E\"Amazing!\"\u003C/span\u003E \u003Cspan class=\"word\" id=\"word-22\"\u003Esaid\u003C/span\u003E \u003Cspan class=\"word\" id=\"word-23\"\u003Ethe\u003C/span\u003E \u003Cspan class=\"word\" id=\"word-24\"\u003Ebutterfly.\u003C/span\u003E \u003Cspan class=\"word\" id=\"word-25\"\u003E\"Hurray!\"\u003C/span\u003E \u003Cspan class=\"word\" id=\"word-26\"\u003Esaid\u003C/span\u003E \u003Cspan class=\"word\" id=\"word-27\"\u003Ethe\u003C/span\u003E \u003Cspan class=\"word\" id=\"word-28\"\u003Eother\u003C/span\u003E \u003Cspan class=\"word\" id=\"word-29\"\u003Ebugs.\u003C/span\u003E\u003Cbr\u003E\u003Cspan class=\"word\" id=\"word-30\"\u003EThey \u003C/span\u003E \u003Cspan class=\"word\" id=\"word-31\"\u003Eall\u003C/span\u003E \u003Cspan class=\"word\" id=\"word-32\"\u003Egot\u003C/span\u003E \u003Cspan class=\"word\" id=\"word-33\"\u003Eright\u003C/span\u003E \u003Cspan class=\"word\" id=\"word-34\"\u003Eto\u003C/span\u003E \u003Cspan class=\"word\" id=\"word-35\"\u003Ework.\u003C/span\u003E\u003Cbr\u003E\n    \u003C/span\u003E\n  ","image_alignment":"middle","name":"text","order":0,"page_name":"5","style":{"width":1005,"height":124,"left":4,"top":634.390625,"top_ratio":1.21,"left_ratio":255.5,"font-family":null,"color":null,"z-index":3,"font-size":"25px","line-height":"1.2"},"text":"Beetle called all the bugs together. \"I have an idea,\" he said. \"But we have to\nwork as a team.\" \"Amazing!\" said the butterfly. \"Hurray!\" said the other bugs.\nThey all got right to work.\n","type":"text","updated_at":"2014-02-14T05:24:37.555Z","id":"52d0708469702d5fe1b52500"},{"html":null,"name":"","order":0,"text_id":"52d0708469702d5fe1b52500","type":"audio","url":"res/84a8c819da.mp3","wordMap":[{"word":"Beetle","step":1,"wordIdx":1},{"word":"called","step":6,"wordIdx":2},{"word":"all","step":11,"wordIdx":3},{"word":"the","step":14,"wordIdx":4},{"word":"bugs","step":16,"wordIdx":5},{"word":"together.","step":21,"wordIdx":6},{"word":"\"I","step":31,"wordIdx":7},{"word":"have","step":34,"wordIdx":8},{"word":"an","step":39,"wordIdx":9},{"word":"idea,\"","step":39,"wordIdx":10},{"word":"he","step":49,"wordIdx":11},{"word":"said.","step":54,"wordIdx":12},{"word":"\"But","step":64,"wordIdx":13},{"word":"we","step":69,"wordIdx":14},{"word":"have","step":72,"wordIdx":15},{"word":"to","step":74,"wordIdx":16},{"word":"work","step":77,"wordIdx":17},{"word":"as","step":82,"wordIdx":18},{"word":"a","step":84,"wordIdx":19},{"word":"team.\"","step":87,"wordIdx":20},{"word":"\"Amazing!\"","step":107,"wordIdx":21},{"word":"said","step":120,"wordIdx":22},{"word":"the","step":122,"wordIdx":23},{"word":"butterfly.","step":125,"wordIdx":24},{"word":"\"Hurray!\"","step":132,"wordIdx":25},{"word":"said","step":140,"wordIdx":26},{"word":"the","step":145,"wordIdx":27},{"word":"other","step":147,"wordIdx":28},{"word":"bugs.","step":147,"wordIdx":29},{"word":"They","step":155,"wordIdx":30},{"word":"all","step":160,"wordIdx":31},{"word":"got","step":163,"wordIdx":32},{"word":"right","step":165,"wordIdx":33},{"word":"to","step":165,"wordIdx":34},{"word":"work.","step":168,"wordIdx":35}],"wordTimes":[0.10438,0.608158,1.112095,1.362063,1.611873,2.11465,3.119365,3.370333,3.872269,3.872269,4.895142,5.417396,6.419952,6.921888,7.172698,7.422666,7.672634,8.19773,8.448698,8.699666,10.707936,11.961619,12.212587,12.464397,13.217301,13.967888,14.468825,14.719634,14.719634,15.499857,15.999634,16.251603,16.502571,16.502571,16.795174],"id":"52d0708469702d5fe1b82500"},{"color":"rgb(255, 102, 0)","html":null,"name":"","order":0,"type":"color","id":"52d0708469702d5fe1b92500"}],"name":"5","pageNo":1,"pageable_id":"52fdbbff69702d16a9030000","pageable_type":"LiveStory","type":"page","updated_at":"2014-02-14T06:47:27.729Z","id":"52fdbbff69702d16a92b0000"},{"child":null,"created_at":"2014-02-14T06:26:17.245Z","deleted_at":null,"game_cover":"/assets/editor/widgets/quiz.png","is_avail":true,"layers":[{"audio_id":null,"created_at":"2014-02-14T06:31:47.505Z","html":null,"name":"","order":0,"set-1":{"question":"What is the meaning of “set up shop” in: He set up shop and waited for his first customers.","correctAnswer":"1","answers":["Opened a new shop","Build a new shop","Arrange things in shop","Clean the shop"]},"set-2":{"question":"What is the meaning of “picks on” in : He picks on all of us little bugs","answers":["Trouble","Fight","Shout","Play"],"correctAnswer":"2"},"set-3":{"question":"What is the meaning of “showed up” in : The next day when Bully Bug showed up something was there to meet him","answers":["To come to a place","Show something to others","Went to a show","Was going to a place"]},"set-4":{"question":"What is the meaning of “got right to” in: They all got right to work.","correctAnswer":"1","answers":["Begin work","Finish work","Stop work","Not work"]},"set-5":{"question":"What does “bother” mean in : I don't think Bully Bug will bother us again","correctAnswer":"1","answers":["Trouble","Meet","Take","Eat"]},"story_path":"/stories/52fdbbff69702d16a9030000/","style":{"top":null,"left":null},"text":"","updated_at":"2014-02-14T06:31:47.505Z","id":"52fdb85369702d0bbd730000"}],"name":"quiz","pageNo":1,"pageable_id":"52fdbbff69702d16a9030000","pageable_type":"LiveStory","parent":"52fdbbff69702d16a9080000","type":"game","updated_at":"2014-02-14T06:47:27.715Z","id":"52fdbbff69702d16a92f0000"}],"images":[{"complete":false,"created_at":"2014-01-10T22:13:28.003Z","deleted_at":null,"media_filename":"bd96f64c7b.jpg","migration_name":"bd96f64c7b.jpg","original_filename":"bd96f64c7b.jpg","updated_at":"2014-01-31T14:19:11.735Z","viewable_id":"52fdbbff69702d16a9030000","viewable_type":"LiveStory","id":"52fdbbff69702d16a9350000"},{"complete":false,"created_at":"2014-01-10T22:13:39.164Z","deleted_at":null,"media_filename":"76ad76762b.jpg","migration_name":"76ad76762b.jpg","original_filename":"76ad76762b.jpg","updated_at":"2014-01-31T14:19:11.739Z","viewable_id":"52fdbbff69702d16a9030000","viewable_type":"LiveStory","id":"52fdbbff69702d16a9360000"},{"complete":false,"created_at":"2014-01-10T22:13:51.162Z","deleted_at":null,"media_filename":"0477a9024c.jpg","migration_name":"0477a9024c.jpg","original_filename":"0477a9024c.jpg","updated_at":"2014-01-31T14:19:11.742Z","viewable_id":"52fdbbff69702d16a9030000","viewable_type":"LiveStory","id":"52fdbbff69702d16a9370000"},{"complete":false,"created_at":"2014-01-10T22:14:02.372Z","deleted_at":null,"media_filename":"95268e78c6.jpg","migration_name":"95268e78c6.jpg","original_filename":"95268e78c6.jpg","updated_at":"2014-01-31T14:19:11.745Z","viewable_id":"52fdbbff69702d16a9030000","viewable_type":"LiveStory","id":"52fdbbff69702d16a9380000"},{"complete":false,"created_at":"2014-01-10T22:14:13.564Z","deleted_at":null,"media_filename":"a4f8f1f173.jpg","migration_name":"a4f8f1f173.jpg","original_filename":"a4f8f1f173.jpg","updated_at":"2014-01-31T14:19:11.747Z","viewable_id":"52fdbbff69702d16a9030000","viewable_type":"LiveStory","id":"52fdbbff69702d16a9390000"},{"complete":false,"created_at":"2014-01-10T22:14:25.041Z","deleted_at":null,"media_filename":"cb72da36e4.jpg","migration_name":"cb72da36e4.jpg","original_filename":"cb72da36e4.jpg","updated_at":"2014-01-31T14:19:11.750Z","viewable_id":"52fdbbff69702d16a9030000","viewable_type":"LiveStory","id":"52fdbbff69702d16a93a0000"},{"complete":false,"created_at":"2014-01-10T22:14:36.301Z","deleted_at":null,"media_filename":"733aa2fe78.jpg","migration_name":"733aa2fe78.jpg","original_filename":"733aa2fe78.jpg","updated_at":"2014-01-31T14:19:11.753Z","viewable_id":"52fdbbff69702d16a9030000","viewable_type":"LiveStory","id":"52fdbbff69702d16a93b0000"},{"complete":false,"created_at":"2014-01-10T22:15:10.906Z","deleted_at":null,"media_filename":"93022f00bd.jpg","migration_name":"93022f00bd.jpg","original_filename":"93022f00bd.jpg","updated_at":"2014-01-31T14:19:11.756Z","viewable_id":"52fdbbff69702d16a9030000","viewable_type":"LiveStory","id":"52fdbbff69702d16a93c0000"},{"complete":false,"created_at":"2014-01-10T22:14:47.529Z","deleted_at":null,"media_filename":"7a6c6d4320.jpg","migration_name":"7a6c6d4320.jpg","original_filename":"7a6c6d4320.jpg","updated_at":"2014-01-31T14:19:11.759Z","viewable_id":"52fdbbff69702d16a9030000","viewable_type":"LiveStory","id":"52fdbbff69702d16a93d0000"},{"complete":false,"created_at":"2014-01-10T22:14:58.766Z","deleted_at":null,"media_filename":"521eeac6f3.jpg","migration_name":"521eeac6f3.jpg","original_filename":"521eeac6f3.jpg","updated_at":"2014-01-31T14:19:11.761Z","viewable_id":"52fdbbff69702d16a9030000","viewable_type":"LiveStory","id":"52fdbbff69702d16a93e0000"}],"audios":[{"complete":false,"created_at":"2014-01-10T22:13:24.472Z","deleted_at":null,"hearable_id":"52fdbbff69702d16a9030000","hearable_type":"LiveStory","media_filename":"91cf20152c.mp3","migration_name":"91cf20152c.mp3","original_filename":"91cf20152c.mp3","updated_at":"2014-01-31T14:19:11.781Z","id":"52fdbbff69702d16a93f0000"},{"complete":false,"created_at":"2014-01-10T22:13:24.856Z","deleted_at":null,"hearable_id":"52fdbbff69702d16a9030000","hearable_type":"LiveStory","media_filename":"bd433e0150.mp3","migration_name":"bd433e0150.mp3","original_filename":"bd433e0150.mp3","updated_at":"2014-01-31T14:19:11.784Z","id":"52fdbbff69702d16a9400000"},{"complete":false,"created_at":"2014-01-10T22:13:25.164Z","deleted_at":null,"hearable_id":"52fdbbff69702d16a9030000","hearable_type":"LiveStory","media_filename":"78a33f2b19.mp3","migration_name":"78a33f2b19.mp3","original_filename":"78a33f2b19.mp3","updated_at":"2014-01-31T14:19:11.787Z","id":"52fdbbff69702d16a9410000"},{"complete":false,"created_at":"2014-01-10T22:13:25.418Z","deleted_at":null,"hearable_id":"52fdbbff69702d16a9030000","hearable_type":"LiveStory","media_filename":"7639722205.mp3","migration_name":"7639722205.mp3","original_filename":"7639722205.mp3","updated_at":"2014-01-31T14:19:11.791Z","id":"52fdbbff69702d16a9420000"},{"complete":false,"created_at":"2014-01-10T22:13:25.798Z","deleted_at":null,"hearable_id":"52fdbbff69702d16a9030000","hearable_type":"LiveStory","media_filename":"84a8c819da.mp3","migration_name":"84a8c819da.mp3","original_filename":"84a8c819da.mp3","updated_at":"2014-01-31T14:19:11.794Z","id":"52fdbbff69702d16a9430000"},{"complete":false,"created_at":"2014-01-10T22:13:27.127Z","deleted_at":null,"hearable_id":"52fdbbff69702d16a9030000","hearable_type":"LiveStory","media_filename":"737f5bbabe.mp3","migration_name":"737f5bbabe.mp3","original_filename":"737f5bbabe.mp3","updated_at":"2014-01-31T14:19:11.896Z","id":"52fdbbff69702d16a9440000"},{"complete":false,"created_at":"2014-01-10T22:13:27.591Z","deleted_at":null,"hearable_id":"52fdbbff69702d16a9030000","hearable_type":"LiveStory","media_filename":"c4a6541257.mp3","migration_name":"c4a6541257.mp3","original_filename":"c4a6541257.mp3","updated_at":"2014-01-31T14:19:11.901Z","id":"52fdbbff69702d16a9450000"},{"complete":false,"created_at":"2014-01-10T22:15:10.498Z","deleted_at":null,"hearable_id":"52fdbbff69702d16a9030000","hearable_type":"LiveStory","media_filename":"e439c612bf.mp3","migration_name":"e439c612bf.mp3","original_filename":"e439c612bf.mp3","updated_at":"2014-01-31T14:19:11.903Z","id":"52fdbbff69702d16a9460000"},{"complete":false,"created_at":"2014-01-10T22:13:26.321Z","deleted_at":null,"hearable_id":"52fdbbff69702d16a9030000","hearable_type":"LiveStory","media_filename":"6afcbb0ae2.mp3","migration_name":"6afcbb0ae2.mp3","original_filename":"6afcbb0ae2.mp3","updated_at":"2014-01-31T14:19:11.775Z","id":"52fdbbff69702d16a9470000"},{"complete":false,"created_at":"2014-01-10T22:13:26.862Z","deleted_at":null,"hearable_id":"52fdbbff69702d16a9030000","hearable_type":"LiveStory","media_filename":"4539bb5583.mp3","migration_name":"4539bb5583.mp3","original_filename":"4539bb5583.mp3","updated_at":"2014-01-31T14:19:11.778Z","id":"52fdbbff69702d16a9480000"},{"complete":false,"created_at":"2014-01-10T22:13:24.472Z","deleted_at":null,"hearable_id":"52fdbbff69702d16a9030000","hearable_type":"LiveStory","media_filename":"91cf20152c.mp3","migration_name":"91cf20152c.mp3","original_filename":"91cf20152c.mp3","updated_at":"2014-01-31T14:19:11.781Z","id":"53103bd169702d3926400000"},{"complete":false,"created_at":"2014-01-10T22:13:24.856Z","deleted_at":null,"hearable_id":"52fdbbff69702d16a9030000","hearable_type":"LiveStory","media_filename":"bd433e0150.mp3","migration_name":"bd433e0150.mp3","original_filename":"bd433e0150.mp3","updated_at":"2014-01-31T14:19:11.784Z","id":"53103bd169702d3926410000"},{"complete":false,"created_at":"2014-01-10T22:13:25.164Z","deleted_at":null,"hearable_id":"52fdbbff69702d16a9030000","hearable_type":"LiveStory","media_filename":"78a33f2b19.mp3","migration_name":"78a33f2b19.mp3","original_filename":"78a33f2b19.mp3","updated_at":"2014-01-31T14:19:11.787Z","id":"53103bd169702d3926420000"},{"complete":false,"created_at":"2014-01-10T22:13:25.418Z","deleted_at":null,"hearable_id":"52fdbbff69702d16a9030000","hearable_type":"LiveStory","media_filename":"7639722205.mp3","migration_name":"7639722205.mp3","original_filename":"7639722205.mp3","updated_at":"2014-01-31T14:19:11.791Z","id":"53103bd169702d3926430000"},{"complete":false,"created_at":"2014-01-10T22:13:25.798Z","deleted_at":null,"hearable_id":"52fdbbff69702d16a9030000","hearable_type":"LiveStory","media_filename":"84a8c819da.mp3","migration_name":"84a8c819da.mp3","original_filename":"84a8c819da.mp3","updated_at":"2014-01-31T14:19:11.794Z","id":"53103bd169702d3926440000"},{"complete":false,"created_at":"2014-01-10T22:13:27.127Z","deleted_at":null,"hearable_id":"52fdbbff69702d16a9030000","hearable_type":"LiveStory","media_filename":"737f5bbabe.mp3","migration_name":"737f5bbabe.mp3","original_filename":"737f5bbabe.mp3","updated_at":"2014-01-31T14:19:11.896Z","id":"53103bd169702d3926450000"},{"complete":false,"created_at":"2014-01-10T22:13:27.591Z","deleted_at":null,"hearable_id":"52fdbbff69702d16a9030000","hearable_type":"LiveStory","media_filename":"c4a6541257.mp3","migration_name":"c4a6541257.mp3","original_filename":"c4a6541257.mp3","updated_at":"2014-01-31T14:19:11.901Z","id":"53103bd169702d3926460000"},{"complete":false,"created_at":"2014-01-10T22:15:10.498Z","deleted_at":null,"hearable_id":"52fdbbff69702d16a9030000","hearable_type":"LiveStory","media_filename":"e439c612bf.mp3","migration_name":"e439c612bf.mp3","original_filename":"e439c612bf.mp3","updated_at":"2014-01-31T14:19:11.903Z","id":"53103bd169702d3926470000"},{"complete":false,"created_at":"2014-01-10T22:13:26.320Z","deleted_at":null,"hearable_id":"52fdbbff69702d16a9030000","hearable_type":"LiveStory","media_filename":"6afcbb0ae2.mp3","migration_name":"6afcbb0ae2.mp3","original_filename":"6afcbb0ae2.mp3","updated_at":"2014-01-31T14:19:11.775Z","id":"53103bd169702d3926480000"},{"complete":false,"created_at":"2014-01-10T22:13:26.862Z","deleted_at":null,"hearable_id":"52fdbbff69702d16a9030000","hearable_type":"LiveStory","media_filename":"4539bb5583.mp3","migration_name":"4539bb5583.mp3","original_filename":"4539bb5583.mp3","updated_at":"2014-01-31T14:19:11.778Z","id":"53103bd169702d3926490000"}]}