{"comments_count":0,"created_at":"2014-03-22T07:44:34.817Z","deleted_at":null,"flag_count":0,"info":{"age_groups":["3-5","6-8"],"authors":["Herminder Ohri"],"can_record":true,"can_remix":true,"can_translate":true,"categories":["Animals and Nature"],"currency":"INR","grades":["2nd","3rd","4th"],"is_free":true,"language":"English","learning_levels":["Level 2","Level 3"],"mango_status":1,"price":0.0,"publish_targets":["Mango Store"],"publisher":"Pratham Books","subjects":["English and Language Arts"],"tags":["Animals","Crocodile","Butterfly","Friendship"],"id":"532c296669702d668df00000"},"keywords":["Sniffles,","The","Crocodile","and","Punch,","The","Butterfly","English","Animals and Nature","Animals","Crocodile","Butterfly","Friendship","Pratham Books","Herminder Ohri"],"like_count":0,"page_count":9,"price":{"inr":0.0,"usd":0.0,"id":"532c296669702d668df10000"},"read_count":0,"sane_title":"Sniffles-The-Crocodile-and-Punch-The-Butterfly","story_id":"532c241769702d668de60000","story_image":"res/e2dadb8c79.jpg","synopsis":"This is a story about a crocodile named Sniffles. He acquired this name before he cried big crocodile tears or would sniff..sniff.. all the time. Want to know why he cried all the time? Sniffles would burst into tears at the thought of eating another animal. His mom and dad told him to grow up and start behaving like a crocodile. Read to book to find out how Sniffle does with this situation.","title":"Sniffles, The Crocodile and Punch, The Butterfly","updated_at":"2014-03-23T18:54:48.822Z","user_id":"52cf2a5b69702d4e07f91200","user_name":"nagesh","views":5,"widget_count":2,"id":"532d3f6169702d6638030000","pages":[{"child":null,"created_at":"2014-03-21T11:52:01.707Z","deleted_at":null,"game_cover":"/assets/editor/widgets/word-search.png","is_avail":true,"layers":[{"audio_id":null,"created_at":"2014-03-21T11:54:05.591Z","html":null,"name":"","order":0,"story_path":"/stories/532d3f6169702d6638030000/","style":{"top":null,"left":null},"text":"","updated_at":"2014-03-21T11:54:05.591Z","words":["brush","grandaunt","shoot","herself","sniffles","crocodile","feed","funny","punch","tears","butterfly","teeth","proud","swamp"],"id":"532c285d69702d32742b0000"}],"name":"wordsearch","pageNo":1,"pageable_id":"532d3f6169702d6638030000","pageable_type":"LiveStory","parent":"532d3f6169702d6638280000","type":"game","updated_at":"2014-03-22T07:44:33.829Z","id":"532d3f6169702d6638040000"},{"child":null,"created_at":"2014-03-21T11:54:16.398Z","deleted_at":null,"game_cover":"/assets/editor/widgets/solve-the-puzzle.png","is_avail":true,"layers":[{"audio_id":null,"created_at":"2014-03-21T11:54:26.431Z","html":null,"name":"","order":0,"story_path":"/stories/532d3f6169702d6638030000/","style":{"top":null,"left":null},"text":"","updated_at":"2014-03-21T11:54:26.431Z","url":"res/original_dba7e4fbb7.jpg","id":"532c287269702d668ded0000"}],"name":"jigsaw","pageNo":1,"pageable_id":"532d3f6169702d6638030000","pageable_type":"LiveStory","parent":"532d3f6169702d6638200000","type":"game","updated_at":"2014-03-22T07:44:33.822Z","id":"532d3f6169702d6638060000"},{"created_at":"2014-03-21T11:35:51.891Z","deleted_at":null,"is_avail":true,"layers":[{"alignment":"left","audio_id":null,"created_at":"2014-03-21T11:39:50.841Z","html":null,"name":"image","order":0,"style":{"top":null,"left":null},"text":"","type":"image","updated_at":"2014-03-21T11:39:50.841Z","url":"res/e2dadb8c79.jpg","id":"532c250669702d63b9b70000"}],"name":"Cover","pageNo":1,"pageable_id":"532d3f6169702d6638030000","pageable_type":"LiveStory","type":"page","updated_at":"2014-03-21T11:39:50.857Z","id":"532d3f6169702d6638080000"},{"child":null,"created_at":"2014-03-21T11:39:53.673Z","deleted_at":null,"game_cover":null,"is_avail":true,"layers":[{"alignment":"middle","audio_id":null,"created_at":"2014-03-21T11:40:02.108Z","html":null,"name":"image","order":0,"page_name":"1","style":{"top":null,"left":null},"text":"","type":"image","updated_at":"2014-03-21T11:43:46.094Z","url":"res/5198704261.jpg","id":"532c251269702d2059560000"},{"alignment":"left","audio":true,"audio_id":"532c93cb69702d722b310000","created_at":"2014-03-21T11:40:02.132Z","html":"\n    \n    \u003Cspan class=\"innerText\" style=\"\"\u003E\n   \u003Cspan class=\"word\" id=\"word-1\"\u003EIn \u003C/span\u003E \u003Cspan class=\"word\" id=\"word-2\"\u003Ethe\u003C/span\u003E \u003Cspan class=\"word\" id=\"word-3\"\u003Eswamp\u003C/span\u003E \u003Cspan class=\"word\" id=\"word-4\"\u003Eon\u003C/span\u003E \u003Cspan class=\"word\" id=\"word-5\"\u003Ethe\u003C/span\u003E \u003Cspan class=\"word\" id=\"word-6\"\u003Efar\u003C/span\u003E \u003Cspan class=\"word\" id=\"word-7\"\u003Eside\u003C/span\u003E \u003Cspan class=\"word\" id=\"word-8\"\u003Eof\u003C/span\u003E \u003Cspan class=\"word\" id=\"word-9\"\u003Ethe\u003C/span\u003E \u003Cspan class=\"word\" id=\"word-10\"\u003EFar\u003C/span\u003E \u003Cspan class=\"word\" id=\"word-11\"\u003EForest,\u003C/span\u003E \u003Cspan class=\"word\" id=\"word-12\"\u003Ethe\u003C/span\u003E \u003Cspan class=\"word\" id=\"word-13\"\u003ESniffles,\u003C/span\u003E \u003Cspan class=\"word\" id=\"word-14\"\u003Ethe\u003C/span\u003E \u003Cspan class=\"word\" id=\"word-15\"\u003ECrocodile.\u003C/span\u003E \u003Cspan class=\"word\" id=\"word-16\"\u003ESniffles\u003C/span\u003E \u003Cspan class=\"word\" id=\"word-17\"\u003Ewas\u003C/span\u003E \u003Cspan class=\"word\" id=\"word-18\"\u003Ealways\u003C/span\u003E \u003Cspan class=\"word\" id=\"word-19\"\u003Ecrying\u003C/span\u003E \u003Cspan class=\"word\" id=\"word-20\"\u003Ebig\u003C/span\u003E \u003Cspan class=\"word\" id=\"word-21\"\u003Ecrocodile\u003C/span\u003E \u003Cspan class=\"word\" id=\"word-22\"\u003Etears\u003C/span\u003E \u003Cspan class=\"word\" id=\"word-23\"\u003Eor\u003C/span\u003E \u003Cspan class=\"word\" id=\"word-24\"\u003Egoing\u003C/span\u003E \u003Cspan class=\"word\" id=\"word-25\"\u003Esniff...\u003C/span\u003E \u003Cspan class=\"word\" id=\"word-26\"\u003Esniff...\u003C/span\u003E \u003Cspan class=\"word\" id=\"word-27\"\u003EEven\u003C/span\u003E \u003Cspan class=\"word\" id=\"word-28\"\u003Ehis\u003C/span\u003E \u003Cspan class=\"word\" id=\"word-29\"\u003Emom\u003C/span\u003E \u003Cspan class=\"word\" id=\"word-30\"\u003Ewas\u003C/span\u003E \u003Cspan class=\"word\" id=\"word-31\"\u003Equite\u003C/span\u003E \u003Cspan class=\"word\" id=\"word-32\"\u003Etired\u003C/span\u003E \u003Cspan class=\"word\" id=\"word-33\"\u003Eof\u003C/span\u003E \u003Cspan class=\"word\" id=\"word-34\"\u003Ehim\u003C/span\u003E \u003Cspan class=\"word\" id=\"word-35\"\u003Eand\u003C/span\u003E \u003Cspan class=\"word\" id=\"word-36\"\u003Ewould\u003C/span\u003E \u003Cspan class=\"word\" id=\"word-37\"\u003Esay,\u003C/span\u003E \u003Cspan class=\"word\" id=\"word-38\"\u003E\"Stop\u003C/span\u003E \u003Cspan class=\"word\" id=\"word-39\"\u003Esniveling\u003C/span\u003E \u003Cspan class=\"word\" id=\"word-40\"\u003Eand\u003C/span\u003E \u003Cspan class=\"word\" id=\"word-41\"\u003Ecrying,\u003C/span\u003E \u003Cspan class=\"word\" id=\"word-42\"\u003Estart\u003C/span\u003E \u003Cspan class=\"word\" id=\"word-43\"\u003Ebehaving\u003C/span\u003E \u003Cspan class=\"word\" id=\"word-44\"\u003Elike\u003C/span\u003E \u003Cspan class=\"word\" id=\"word-45\"\u003Ea\u003C/span\u003E \u003Cspan class=\"word\" id=\"word-46\"\u003Ecrocodile.\u003C/span\u003E \u003Cspan class=\"word\" id=\"word-47\"\u003EGo\u003C/span\u003E \u003Cspan class=\"word\" id=\"word-48\"\u003Ehunt\u003C/span\u003E \u003Cspan class=\"word\" id=\"word-49\"\u003Efor\u003C/span\u003E \u003Cspan class=\"word\" id=\"word-50\"\u003Eyour\u003C/span\u003E \u003Cspan class=\"word\" id=\"word-51\"\u003Efood.\"\u003C/span\u003E \u003Cspan class=\"word\" id=\"word-52\"\u003EBut\u003C/span\u003E \u003Cspan class=\"word\" id=\"word-53\"\u003ESniffles\u003C/span\u003E \u003Cspan class=\"word\" id=\"word-54\"\u003Ewould\u003C/span\u003E \u003Cspan class=\"word\" id=\"word-55\"\u003Eburst\u003C/span\u003E \u003Cspan class=\"word\" id=\"word-56\"\u003Einto\u003C/span\u003E \u003Cspan class=\"word\" id=\"word-57\"\u003Etears\u003C/span\u003E \u003Cspan class=\"word\" id=\"word-58\"\u003Eat\u003C/span\u003E \u003Cspan class=\"word\" id=\"word-59\"\u003Ethe\u003C/span\u003E \u003Cspan class=\"word\" id=\"word-60\"\u003Ethought\u003C/span\u003E \u003Cspan class=\"word\" id=\"word-61\"\u003Eof\u003C/span\u003E \u003Cspan class=\"word\" id=\"word-62\"\u003Eeating\u003C/span\u003E \u003Cspan class=\"word\" id=\"word-63\"\u003Eanother\u003C/span\u003E \u003Cspan class=\"word\" id=\"word-64\"\u003Eanimal.\u003C/span\u003E \u003Cspan class=\"word\" id=\"word-65\"\u003ESo\u003C/span\u003E \u003Cspan class=\"word\" id=\"word-66\"\u003Emom\u003C/span\u003E \u003Cspan class=\"word\" id=\"word-67\"\u003Eand\u003C/span\u003E \u003Cspan class=\"word\" id=\"word-68\"\u003Edad\u003C/span\u003E \u003Cspan class=\"word\" id=\"word-69\"\u003Ehad\u003C/span\u003E \u003Cspan class=\"word\" id=\"word-70\"\u003Eto\u003C/span\u003E \u003Cspan class=\"word\" id=\"word-71\"\u003Efeed\u003C/span\u003E \u003Cspan class=\"word\" id=\"word-72\"\u003ESniffles\u003C/span\u003E \u003Cspan class=\"word\" id=\"word-73\"\u003Eevery\u003C/span\u003E \u003Cspan class=\"word\" id=\"word-74\"\u003Eday.\u003C/span\u003E\u003Cbr\u003E\n    \u003C/span\u003E\n  ","image_alignment":"middle","name":"text","order":0,"page_name":"1","style":{"top":21.03125,"left":83.265625,"top_ratio":36.42,"left_ratio":12.27,"width":874,"height":224,"line-height":"1.2","font-family":"Arial","font-size":"25px"},"text":"In the swamp on the far side of the Far Forest, the Sniffles, the Crocodile. Sniffles was always crying big crocodile tears or going sniff... sniff... Even his mom was quite tired of him and would say, \"Stop sniveling and crying, start behaving like a crocodile. Go hunt for your food.\" But Sniffles would burst into tears at the thought of eating another animal. So mom and dad had to feed Sniffles every day.\n","type":"text","updated_at":"2014-03-22T07:19:27.148Z","id":"532c251269702d3274250000"},{"audio_id":null,"created_at":"2014-03-21T19:32:27.843Z","highlight":"rgb(255, 153, 102)","html":null,"name":"","order":0,"style":{"top":null,"left":null},"text":"","text_id":"532c251269702d3274250000","type":"audio","updated_at":"2014-03-21T19:33:54.023Z","url":"res/b57da09c2e.mp3","wordMap":[{"word":"In ","step":5,"wordIdx":1},{"word":"the","step":8,"wordIdx":2},{"word":"swamp","step":10,"wordIdx":3},{"word":"on","step":13,"wordIdx":4},{"word":"the","step":17,"wordIdx":5},{"word":"far","step":19,"wordIdx":6},{"word":"side","step":22,"wordIdx":7},{"word":"of","step":27,"wordIdx":8},{"word":"the","step":30,"wordIdx":9},{"word":"Far","step":31,"wordIdx":10},{"word":"Forest,","step":36,"wordIdx":11},{"word":"the","step":44,"wordIdx":12},{"word":"Sniffles,","step":47,"wordIdx":13},{"word":"the","step":53,"wordIdx":14},{"word":"Crocodile.","step":56,"wordIdx":15},{"word":"Sniffles","step":68,"wordIdx":16},{"word":"was","step":72,"wordIdx":17},{"word":"always","step":75,"wordIdx":18},{"word":"crying","step":82,"wordIdx":19},{"word":"big","step":89,"wordIdx":20},{"word":"crocodile","step":95,"wordIdx":21},{"word":"tears","step":100,"wordIdx":22},{"word":"or","step":108,"wordIdx":23},{"word":"going","step":111,"wordIdx":24},{"word":"sniff...","step":113,"wordIdx":25},{"word":"sniff...","step":118,"wordIdx":26},{"word":"Even","step":131,"wordIdx":27},{"word":"his","step":134,"wordIdx":28},{"word":"mom","step":136,"wordIdx":29},{"word":"was","step":141,"wordIdx":30},{"word":"quite","step":144,"wordIdx":31},{"word":"tired","step":146,"wordIdx":32},{"word":"of","step":149,"wordIdx":33},{"word":"him","step":151,"wordIdx":34},{"word":"and","step":156,"wordIdx":35},{"word":"would","step":157,"wordIdx":36},{"word":"say,","step":160,"wordIdx":37},{"word":"\"Stop","step":165,"wordIdx":38},{"word":"sniveling","step":168,"wordIdx":39},{"word":"and","step":173,"wordIdx":40},{"word":"crying,","step":174,"wordIdx":41},{"word":"start","step":183,"wordIdx":42},{"word":"behaving","step":186,"wordIdx":43},{"word":"like","step":191,"wordIdx":44},{"word":"a","step":194,"wordIdx":45},{"word":"crocodile.","step":195,"wordIdx":46},{"word":"Go","step":205,"wordIdx":47},{"word":"hunt","step":207,"wordIdx":48},{"word":"for","step":210,"wordIdx":49},{"word":"your","step":212,"wordIdx":50},{"word":"food.\"","step":214,"wordIdx":51},{"word":"But","step":224,"wordIdx":52},{"word":"Sniffles","step":229,"wordIdx":53},{"word":"would","step":234,"wordIdx":54},{"word":"burst","step":237,"wordIdx":55},{"word":"into","step":243,"wordIdx":56},{"word":"tears","step":246,"wordIdx":57},{"word":"at","step":253,"wordIdx":58},{"word":"the","step":254,"wordIdx":59},{"word":"thought","step":257,"wordIdx":60},{"word":"of","step":260,"wordIdx":61},{"word":"eating","step":263,"wordIdx":62},{"word":"another","step":267,"wordIdx":63},{"word":"animal.","step":269,"wordIdx":64},{"word":"So","step":282,"wordIdx":65},{"word":"mom","step":283,"wordIdx":66},{"word":"and","step":287,"wordIdx":67},{"word":"dad","step":289,"wordIdx":68},{"word":"had","step":295,"wordIdx":69},{"word":"to","step":296,"wordIdx":70},{"word":"feed","step":298,"wordIdx":71},{"word":"Sniffles","step":302,"wordIdx":72},{"word":"every","step":307,"wordIdx":73},{"word":"day.","step":313,"wordIdx":74}],"wordTimes":[0.521479,0.825979,0.950979,1.325479,1.650979,1.855979,2.180479,2.744479,3.008979,3.133979,3.635479,4.390479,4.682979,5.275479,5.5659790000000005,6.822979,7.200479,7.529979,8.234479,8.861479,9.468479,10.029979,10.788479,11.081979,11.303979,11.805979,13.064479,13.368979,13.563979,14.099979,14.355979,14.632979,14.865479,15.116479,15.619479,15.741979,16.015979,16.514978,16.766478,17.300979,17.427479,18.330479,18.586979,19.085979,19.356479,19.471479,20.485979,20.738479,20.986479,21.242479,21.370479,22.405979,22.905979,23.427479,23.709479,24.260979,24.639979,25.273479000000002,25.393479,25.666979,26.045479,26.297479,26.668979,26.924979,28.181479,28.303479,28.681479,28.932979,29.463479,29.587479,29.835479,30.209979,30.718479,31.344979],"id":"532c93cb69702d722b310000"}],"name":"1","pageNo":1,"pageable_id":"532d3f6169702d6638030000","pageable_type":"LiveStory","type":"page","updated_at":"2014-03-21T11:39:53.673Z","id":"532d3f6169702d66380c0000"},{"child":null,"created_at":"2014-03-21T11:39:54.305Z","deleted_at":null,"game_cover":null,"is_avail":true,"layers":[{"alignment":"middle","audio_id":null,"created_at":"2014-03-21T11:40:05.952Z","html":null,"name":"image","order":0,"page_name":"2","style":{"top":null,"left":null},"text":"","type":"image","updated_at":"2014-03-21T11:44:29.337Z","url":"res/98655026a5.jpg","id":"532c251569702d668dea0000"},{"alignment":"left","audio":true,"audio_id":"532c94bc69702d74d7310000","created_at":"2014-03-21T11:40:06.336Z","html":"\n    \n    \u003Cspan class=\"innerText\" style=\"\"\u003E\n   \u003Cspan class=\"word\" id=\"word-1\" style=\"\"\u003ESniffles \u003C/span\u003E \u003Cspan class=\"word\" id=\"word-2\" style=\"\"\u003Edid\u003C/span\u003E \u003Cspan class=\"word\" id=\"word-3\" style=\"\"\u003Enot\u003C/span\u003E \u003Cspan class=\"word\" id=\"word-4\" style=\"\"\u003Ewant\u003C/span\u003E \u003Cspan class=\"word\" id=\"word-5\" style=\"\"\u003Eto\u003C/span\u003E \u003Cspan class=\"word\" id=\"word-6\" style=\"\"\u003Ebe\u003C/span\u003E \u003Cspan class=\"word\" id=\"word-7\" style=\"\"\u003Ea\u003C/span\u003E \u003Cspan class=\"word\" id=\"word-8\" style=\"\"\u003Ecrocodile.\u003C/span\u003E \u003Cspan class=\"word\" id=\"word-9\" style=\"\"\u003E\"I\u003C/span\u003E \u003Cspan class=\"word\" id=\"word-10\" style=\"\"\u003Eam\u003C/span\u003E \u003Cspan class=\"word\" id=\"word-11\" style=\"\"\u003Eso\u003C/span\u003E \u003Cspan class=\"word\" id=\"word-12\" style=\"\"\u003Eugly,\"\u003C/span\u003E \u003Cspan class=\"word\" id=\"word-13\" style=\"\"\u003Ehe\u003C/span\u003E \u003Cspan class=\"word\" id=\"word-14\" style=\"\"\u003Ethought\u003C/span\u003E \u003Cspan class=\"word\" id=\"word-15\" style=\"\"\u003Ebursting\u003C/span\u003E \u003Cspan class=\"word\" id=\"word-16\" style=\"\"\u003Einto\u003C/span\u003E \u003Cspan class=\"word\" id=\"word-17\" style=\"\"\u003Etears.\u003C/span\u003E \u003Cspan class=\"word\" id=\"word-18\" style=\"\"\u003EHe\u003C/span\u003E \u003Cspan class=\"word\" id=\"word-19\" style=\"\"\u003Edid\u003C/span\u003E \u003Cspan class=\"word\" id=\"word-20\" style=\"\"\u003Enot\u003C/span\u003E \u003Cspan class=\"word\" id=\"word-21\" style=\"\"\u003Eeven\u003C/span\u003E \u003Cspan class=\"word\" id=\"word-22\" style=\"\"\u003Ewant\u003C/span\u003E \u003Cspan class=\"word\" id=\"word-23\" style=\"\"\u003Eto\u003C/span\u003E \u003Cspan class=\"word\" id=\"word-24\" style=\"\"\u003Elive\u003C/span\u003E \u003Cspan class=\"word\" id=\"word-25\" style=\"\"\u003Elike\u003C/span\u003E \u003Cspan class=\"word\" id=\"word-26\" style=\"\"\u003Ecrocodiles\u003C/span\u003E \u003Cspan class=\"word\" id=\"word-27\" style=\"\"\u003Edo.\u003C/span\u003E \u003Cspan class=\"word\" id=\"word-28\" style=\"\"\u003EHis\u003C/span\u003E \u003Cspan class=\"word\" id=\"word-29\" style=\"\"\u003Ebest\u003C/span\u003E \u003Cspan class=\"word\" id=\"word-30\" style=\"\"\u003Efriend\u003C/span\u003E \u003Cspan class=\"word\" id=\"word-31\" style=\"\"\u003Ewas\u003C/span\u003E \u003Cspan class=\"word\" id=\"word-32\" style=\"\"\u003EPunch,\u003C/span\u003E \u003Cspan class=\"word\" id=\"word-33\" style=\"\"\u003Ea\u003C/span\u003E \u003Cspan class=\"word\" id=\"word-34\" style=\"\"\u003Egolden\u003C/span\u003E \u003Cspan class=\"word\" id=\"word-35\" style=\"\"\u003Eyellow\u003C/span\u003E \u003Cspan class=\"word\" id=\"word-36\" style=\"\"\u003Ebutterfly.\u003C/span\u003E \u003Cspan class=\"word\" id=\"word-37\" style=\"\"\u003EAnd\u003C/span\u003E \u003Cspan class=\"word\" id=\"word-38\" style=\"\"\u003EPunch\u003C/span\u003E \u003Cspan class=\"word\" id=\"word-39\" style=\"\"\u003Ewanted\u003C/span\u003E \u003Cspan class=\"word\" id=\"word-40\" style=\"\"\u003Eto\u003C/span\u003E \u003Cspan class=\"word\" id=\"word-41\" style=\"\"\u003Ebe\u003C/span\u003E \u003Cspan class=\"word\" id=\"word-42\" style=\"\"\u003Ebig\u003C/span\u003E \u003Cspan class=\"word\" id=\"word-43\" style=\"\"\u003Eand\u003C/span\u003E \u003Cspan class=\"word\" id=\"word-44\" style=\"\"\u003Estrong.\u003C/span\u003E \u003Cspan class=\"word\" id=\"word-45\" style=\"\"\u003ESo\u003C/span\u003E \u003Cspan class=\"word\" id=\"word-46\" style=\"\"\u003EPunch\u003C/span\u003E \u003Cspan class=\"word\" id=\"word-47\" style=\"\"\u003Ealways\u003C/span\u003E \u003Cspan class=\"word\" id=\"word-48\" style=\"\"\u003Ehad\u003C/span\u003E \u003Cspan class=\"word\" id=\"word-49\" style=\"\"\u003Eher\u003C/span\u003E \u003Cspan class=\"word\" id=\"word-50\" style=\"\"\u003Efeeler\u003C/span\u003E \u003Cspan class=\"word\" id=\"word-51\" style=\"\"\u003Ecurled\u003C/span\u003E \u003Cspan class=\"word\" id=\"word-52\" style=\"\"\u003Einto\u003C/span\u003E \u003Cspan class=\"word\" id=\"word-53\" style=\"\"\u003Ea\u003C/span\u003E \u003Cspan class=\"word\" id=\"word-54\" style=\"\"\u003Efist\u003C/span\u003E \u003Cspan class=\"word\" id=\"word-55\" style=\"\"\u003Esaying,\u003C/span\u003E \u003Cspan class=\"word\" id=\"word-56\" style=\"\"\u003E\"Look\u003C/span\u003E \u003Cspan class=\"word\" id=\"word-57\" style=\"\"\u003Eout!\u003C/span\u003E \u003Cspan class=\"word\" id=\"word-58\" style=\"\"\u003EI\u003C/span\u003E \u003Cspan class=\"word\" id=\"word-59\" style=\"\"\u003Ewill\u003C/span\u003E \u003Cspan class=\"word\" id=\"word-60\" style=\"\"\u003Epunch\u003C/span\u003E \u003Cspan class=\"word\" id=\"word-61\" style=\"\"\u003Eyou\u003C/span\u003E \u003Cspan class=\"word\" id=\"word-62\" style=\"\"\u003Ein\u003C/span\u003E \u003Cspan class=\"word\" id=\"word-63\" style=\"\"\u003Ethe\u003C/span\u003E \u003Cspan class=\"word\" id=\"word-64\" style=\"\"\u003Emouth.\"\u003C/span\u003E \u003Cspan class=\"word\" id=\"word-65\" style=\"\"\u003EThey\u003C/span\u003E \u003Cspan class=\"word\" id=\"word-66\" style=\"\"\u003Emade\u003C/span\u003E \u003Cspan class=\"word\" id=\"word-67\" style=\"\"\u003Ea\u003C/span\u003E \u003Cspan class=\"word\" id=\"word-68\" style=\"\"\u003Every\u003C/span\u003E \u003Cspan class=\"word\" id=\"word-69\" style=\"\"\u003Efunny\u003C/span\u003E \u003Cspan class=\"word\" id=\"word-70\" style=\"\"\u003Epair.\u003C/span\u003E \u003Cspan class=\"word\" id=\"word-71\" style=\"\"\u003ESniffles\u003C/span\u003E \u003Cspan class=\"word\" id=\"word-72\" style=\"\"\u003Eswimming\u003C/span\u003E \u003Cspan class=\"word\" id=\"word-73\" style=\"\"\u003Ewith\u003C/span\u003E \u003Cspan class=\"word\" id=\"word-74\" style=\"\"\u003EPunch\u003C/span\u003E \u003Cspan class=\"word\" id=\"word-75\" style=\"\"\u003Eperched\u003C/span\u003E \u003Cspan class=\"word\" id=\"word-76\" style=\"\"\u003Eon\u003C/span\u003E \u003Cspan class=\"word\" id=\"word-77\" style=\"\"\u003Ehis\u003C/span\u003E \u003Cspan class=\"word\" id=\"word-78\" style=\"\"\u003Ehead.\u003C/span\u003E \u003Cspan class=\"word\" id=\"word-79\" style=\"\"\u003EThe\u003C/span\u003E \u003Cspan class=\"word\" id=\"word-80\" style=\"\"\u003Eother\u003C/span\u003E \u003Cspan class=\"word\" id=\"word-81\" style=\"\"\u003Ecrocodiles\u003C/span\u003E \u003Cspan class=\"word\" id=\"word-82\" style=\"\"\u003Ewould\u003C/span\u003E \u003Cspan class=\"word\" id=\"word-83\" style=\"\"\u003Elaugh\u003C/span\u003E \u003Cspan class=\"word\" id=\"word-84\" style=\"\"\u003Eand\u003C/span\u003E \u003Cspan class=\"word\" id=\"word-85\" style=\"\"\u003Emake\u003C/span\u003E \u003Cspan class=\"word\" id=\"word-86\" style=\"\"\u003Efun\u003C/span\u003E \u003Cspan class=\"word\" id=\"word-87\" style=\"\"\u003Eof\u003C/span\u003E \u003Cspan class=\"word\" id=\"word-88\" style=\"\"\u003Ethem.\u003C/span\u003E \u003Cspan class=\"word\" id=\"word-89\" style=\"\"\u003EThat\u003C/span\u003E \u003Cspan class=\"word\" id=\"word-90\" style=\"\"\u003Edid\u003C/span\u003E \u003Cspan class=\"word\" id=\"word-91\" style=\"\"\u003Enot\u003C/span\u003E \u003Cspan class=\"word\" id=\"word-92\" style=\"\"\u003Ebother\u003C/span\u003E \u003Cspan class=\"word\" id=\"word-93\" style=\"\"\u003ESniffles.\u003C/span\u003E \u003Cspan class=\"word\" id=\"word-94\" style=\"\"\u003EHe\u003C/span\u003E \u003Cspan class=\"word\" id=\"word-95\" style=\"\"\u003Econtinued\u003C/span\u003E \u003Cspan class=\"word\" id=\"word-96\" style=\"\"\u003Ecrying,\u003C/span\u003E \u003Cspan class=\"word\" id=\"word-97\" style=\"\"\u003Esniffling\u003C/span\u003E \u003Cspan class=\"word\" id=\"word-98\" style=\"\"\u003Eand\u003C/span\u003E \u003Cspan class=\"word\" id=\"word-99\" style=\"\"\u003Ebeing\u003C/span\u003E \u003Cspan class=\"word\" id=\"word-100\" style=\"\"\u003Efriends\u003C/span\u003E \u003Cspan class=\"word\" id=\"word-101\" style=\"\"\u003Ewith\u003C/span\u003E \u003Cspan class=\"word\" id=\"word-102\" style=\"background-color: rgb(255, 153, 102);\"\u003EPunch.\u003C/span\u003E\u003Cbr\u003E\n    \u003C/span\u003E\n  ","image_alignment":"middle","name":"text","order":0,"page_name":"2","style":{"top":11,"left":40,"top_ratio":69.64,"left_ratio":25.55,"width":954,"height":293,"line-height":"1.2","font-family":"Arial","font-size":"25px"},"text":"Sniffles did not want to be a crocodile. \"I am so ugly,\" he thought bursting into tears. He did not even want to live like crocodiles do. His best friend was Punch, a golden yellow butterfly. And Punch wanted to be big and strong. So Punch always had her feeler curled into a fist saying, \"Look out! I will punch you in the mouth.\" They made a very funny pair. Sniffles swimming with Punch perched on his head. The other crocodiles would laugh and make fun of them. That did not bother Sniffles. He continued crying, sniffling and being friends with Punch.\n","type":"text","updated_at":"2014-03-21T11:40:07.824Z","id":"532c251669702d2059570000"},{"audio_id":null,"created_at":"2014-03-21T19:36:28.640Z","highlight":"rgb(255, 153, 102)","html":null,"name":"","order":0,"style":{"top":null,"left":null},"text":"","text_id":"532c251669702d2059570000","type":"audio","updated_at":"2014-03-21T19:38:20.062Z","url":"res/9dc42f273b.mp3","wordMap":[{"word":"Sniffles ","step":10,"wordIdx":1},{"word":"did","step":17,"wordIdx":2},{"word":"not","step":19,"wordIdx":3},{"word":"want","step":24,"wordIdx":4},{"word":"to","step":27,"wordIdx":5},{"word":"be","step":28,"wordIdx":6},{"word":"a","step":31,"wordIdx":7},{"word":"crocodile.","step":32,"wordIdx":8},{"word":"\"I","step":43,"wordIdx":9},{"word":"am","step":45,"wordIdx":10},{"word":"so","step":47,"wordIdx":11},{"word":"ugly,\"","step":52,"wordIdx":12},{"word":"he","step":63,"wordIdx":13},{"word":"thought","step":65,"wordIdx":14},{"word":"bursting","step":72,"wordIdx":15},{"word":"into","step":77,"wordIdx":16},{"word":"tears.","step":80,"wordIdx":17},{"word":"He","step":91,"wordIdx":18},{"word":"did","step":93,"wordIdx":19},{"word":"not","step":95,"wordIdx":20},{"word":"even","step":99,"wordIdx":21},{"word":"want","step":102,"wordIdx":22},{"word":"to","step":105,"wordIdx":23},{"word":"live","step":108,"wordIdx":24},{"word":"like","step":112,"wordIdx":25},{"word":"crocodiles","step":115,"wordIdx":26},{"word":"do.","step":121,"wordIdx":27},{"word":"His","step":132,"wordIdx":28},{"word":"best","step":135,"wordIdx":29},{"word":"friend","step":138,"wordIdx":30},{"word":"was","step":142,"wordIdx":31},{"word":"Punch,","step":146,"wordIdx":32},{"word":"a","step":151,"wordIdx":33},{"word":"golden","step":155,"wordIdx":34},{"word":"yellow","step":162,"wordIdx":35},{"word":"butterfly.","step":167,"wordIdx":36},{"word":"And","step":181,"wordIdx":37},{"word":"Punch","step":182,"wordIdx":38},{"word":"wanted","step":189,"wordIdx":39},{"word":"to","step":192,"wordIdx":40},{"word":"be","step":193,"wordIdx":41},{"word":"big","step":195,"wordIdx":42},{"word":"and","step":199,"wordIdx":43},{"word":"strong.","step":203,"wordIdx":44},{"word":"So","step":217,"wordIdx":45},{"word":"Punch","step":219,"wordIdx":46},{"word":"always","step":222,"wordIdx":47},{"word":"had","step":230,"wordIdx":48},{"word":"her","step":232,"wordIdx":49},{"word":"feeler","step":235,"wordIdx":50},{"word":"curled","step":243,"wordIdx":51},{"word":"into","step":249,"wordIdx":52},{"word":"a","step":251,"wordIdx":53},{"word":"fist","step":254,"wordIdx":54},{"word":"saying,","step":260,"wordIdx":55},{"word":"\"Look","step":267,"wordIdx":56},{"word":"out!","step":268,"wordIdx":57},{"word":"I","step":274,"wordIdx":58},{"word":"will","step":276,"wordIdx":59},{"word":"punch","step":277,"wordIdx":60},{"word":"you","step":280,"wordIdx":61},{"word":"in","step":282,"wordIdx":62},{"word":"the","step":284,"wordIdx":63},{"word":"mouth.\"","step":285,"wordIdx":64},{"word":"They","step":293,"wordIdx":65},{"word":"made","step":298,"wordIdx":66},{"word":"a","step":300,"wordIdx":67},{"word":"very","step":301,"wordIdx":68},{"word":"funny","step":306,"wordIdx":69},{"word":"pair.","step":310,"wordIdx":70},{"word":"Sniffles","step":324,"wordIdx":71},{"word":"swimming","step":327,"wordIdx":72},{"word":"with","step":333,"wordIdx":73},{"word":"Punch","step":334,"wordIdx":74},{"word":"perched","step":339,"wordIdx":75},{"word":"on","step":342,"wordIdx":76},{"word":"his","step":344,"wordIdx":77},{"word":"head.","step":346,"wordIdx":78},{"word":"The","step":356,"wordIdx":79},{"word":"other","step":358,"wordIdx":80},{"word":"crocodiles","step":363,"wordIdx":81},{"word":"would","step":368,"wordIdx":82},{"word":"laugh","step":371,"wordIdx":83},{"word":"and","step":376,"wordIdx":84},{"word":"make","step":379,"wordIdx":85},{"word":"fun","step":382,"wordIdx":86},{"word":"of","step":384,"wordIdx":87},{"word":"them.","step":386,"wordIdx":88},{"word":"That","step":394,"wordIdx":89},{"word":"did","step":397,"wordIdx":90},{"word":"not","step":399,"wordIdx":91},{"word":"bother","step":403,"wordIdx":92},{"word":"Sniffles.","step":407,"wordIdx":93},{"word":"He","step":417,"wordIdx":94},{"word":"continued","step":421,"wordIdx":95},{"word":"crying,","step":428,"wordIdx":96},{"word":"sniffling","step":437,"wordIdx":97},{"word":"and","step":444,"wordIdx":98},{"word":"being","step":447,"wordIdx":99},{"word":"friends","step":451,"wordIdx":100},{"word":"with","step":455,"wordIdx":101},{"word":"Punch.","step":456,"wordIdx":102}],"wordTimes":[0.980021,1.678521,1.913521,2.414521,2.694521,2.819021,3.101021,3.224521,4.256021,4.544521,4.659521,5.207021,6.339521,6.470521,7.177021,7.706521,7.961521,9.090021,9.341021,9.491521,9.901021,10.192021,10.462521,10.782521,11.234521,11.486021,12.113521,13.248521,13.501021,13.757521,14.174521,14.611521,15.106521,15.533021,16.164521,16.70802,18.087021,18.214521,18.900521,19.153021,19.288521,19.473521,19.897521,20.271521,21.654021,21.915521,22.164021,22.953521,23.202021,23.452521,24.262021,24.896021,25.142521,25.408521,26.031521,26.669521,26.801521,27.449021,27.581021,27.709521,27.991021,28.241021,28.364021,28.499021,29.258521000000002,29.756021,30.003521,30.136021,30.565021,30.977021,32.382521,32.74802,33.25252,33.37902,33.930521,34.187021,34.432021,34.560021,35.583521,35.831021,36.267521,36.774521,37.083021,37.591521,37.857021,38.164521,38.432521,38.600521,39.386021,39.667521,39.916021,40.311521,40.692021,41.736021,42.111521,42.750521,43.687521,44.434521,44.690521,45.065521,45.458021,45.586521],"id":"532c94bc69702d74d7310000"}],"name":"2","pageNo":1,"pageable_id":"532d3f6169702d6638030000","pageable_type":"LiveStory","type":"page","updated_at":"2014-03-21T11:39:54.305Z","id":"532d3f6169702d6638100000"},{"child":null,"created_at":"2014-03-21T11:39:54.977Z","deleted_at":null,"game_cover":null,"is_avail":true,"layers":[{"alignment":"left","audio":true,"audio_id":"532d2d7269702d5aee000000","created_at":"2014-03-21T11:40:09.202Z","html":"\n    \n    \u003Cspan class=\"innerText\" style=\"\"\u003E\n   \u003Cspan class=\"word\" id=\"word-1\"\u003EOne \u003C/span\u003E \u003Cspan class=\"word\" id=\"word-2\"\u003Esunny\u003C/span\u003E \u003Cspan class=\"word\" id=\"word-3\"\u003Eafternoon,\u003C/span\u003E \u003Cspan class=\"word\" id=\"word-4\"\u003EPunch\u003C/span\u003E \u003Cspan class=\"word\" id=\"word-5\"\u003Esettled\u003C/span\u003E \u003Cspan class=\"word\" id=\"word-6\"\u003Eherself\u003C/span\u003E \u003Cspan class=\"word\" id=\"word-7\"\u003Enear\u003C/span\u003E \u003Cspan class=\"word\" id=\"word-8\"\u003ESniffles'\u003C/span\u003E \u003Cspan class=\"word\" id=\"word-9\"\u003Eear\u003C/span\u003E \u003Cspan class=\"word\" id=\"word-10\"\u003Eand\u003C/span\u003E \u003Cspan class=\"word\" id=\"word-11\"\u003Etold\u003C/span\u003E \u003Cspan class=\"word\" id=\"word-12\"\u003Ehim,\u003C/span\u003E \u003Cspan class=\"word\" id=\"word-13\"\u003E\"I\u003C/span\u003E \u003Cspan class=\"word\" id=\"word-14\"\u003Ehave\u003C/span\u003E \u003Cspan class=\"word\" id=\"word-15\"\u003Eseen\u003C/span\u003E \u003Cspan class=\"word\" id=\"word-16\"\u003Etwo\u003C/span\u003E \u003Cspan class=\"word\" id=\"word-17\"\u003Emen\u003C/span\u003E \u003Cspan class=\"word\" id=\"word-18\"\u003Ecome\u003C/span\u003E \u003Cspan class=\"word\" id=\"word-19\"\u003Ethis\u003C/span\u003E \u003Cspan class=\"word\" id=\"word-20\"\u003Eway\u003C/span\u003E \u003Cspan class=\"word\" id=\"word-21\"\u003Ewith\u003C/span\u003E \u003Cspan class=\"word\" id=\"word-22\"\u003Eguns,\u003C/span\u003E \u003Cspan class=\"word\" id=\"word-23\"\u003Ethey\u003C/span\u003E \u003Cspan class=\"word\" id=\"word-24\"\u003Ewant\u003C/span\u003E \u003Cspan class=\"word\" id=\"word-25\"\u003Eto\u003C/span\u003E \u003Cspan class=\"word\" id=\"word-26\"\u003Ekill\u003C/span\u003E \u003Cspan class=\"word\" id=\"word-27\"\u003Ecrocodiles\u003C/span\u003E \u003Cspan class=\"word\" id=\"word-28\"\u003Efor\u003C/span\u003E \u003Cspan class=\"word\" id=\"word-29\"\u003Etheir\u003C/span\u003E \u003Cspan class=\"word\" id=\"word-30\"\u003Eskins.\"\u003C/span\u003E \u003Cspan class=\"word\" id=\"word-31\"\u003E\"Don't\u003C/span\u003E \u003Cspan class=\"word\" id=\"word-32\"\u003Ethese\u003C/span\u003E \u003Cspan class=\"word\" id=\"word-33\"\u003Emen\u003C/span\u003E \u003Cspan class=\"word\" id=\"word-34\"\u003Ehave\u003C/span\u003E \u003Cspan class=\"word\" id=\"word-35\"\u003Eskins\u003C/span\u003E \u003Cspan class=\"word\" id=\"word-36\"\u003Eof\u003C/span\u003E \u003Cspan class=\"word\" id=\"word-37\"\u003Etheir\u003C/span\u003E \u003Cspan class=\"word\" id=\"word-38\"\u003Eown?\"\u003C/span\u003E \u003Cspan class=\"word\" id=\"word-39\"\u003Easked\u003C/span\u003E \u003Cspan class=\"word\" id=\"word-40\"\u003Ea\u003C/span\u003E \u003Cspan class=\"word\" id=\"word-41\"\u003Epuzzled\u003C/span\u003E \u003Cspan class=\"word\" id=\"word-42\"\u003ESniffles.\u003C/span\u003E \u003Cspan class=\"word\" id=\"word-43\"\u003E\"I\u003C/span\u003E \u003Cspan class=\"word\" id=\"word-44\"\u003Edon't\u003C/span\u003E \u003Cspan class=\"word\" id=\"word-45\"\u003Eknow\u003C/span\u003E \u003Cspan class=\"word\" id=\"word-46\"\u003ESniffles,\"\u003C/span\u003E \u003Cspan class=\"word\" id=\"word-47\"\u003Ereplied\u003C/span\u003E \u003Cspan class=\"word\" id=\"word-48\"\u003EPunch.\u003C/span\u003E \u003Cspan class=\"word\" id=\"word-49\"\u003E\"Tell\u003C/span\u003E \u003Cspan class=\"word\" id=\"word-50\"\u003Ethe\u003C/span\u003E \u003Cspan class=\"word\" id=\"word-51\"\u003Eother\u003C/span\u003E \u003Cspan class=\"word\" id=\"word-52\"\u003Ecrocodiles\u003C/span\u003E \u003Cspan class=\"word\" id=\"word-53\"\u003Eand\u003C/span\u003E \u003Cspan class=\"word\" id=\"word-54\"\u003Ehide.\"\u003C/span\u003E \u003Cspan class=\"word\" id=\"word-55\"\u003E\"But\u003C/span\u003E \u003Cspan class=\"word\" id=\"word-56\"\u003EPunch,\u003C/span\u003E \u003Cspan class=\"word\" id=\"word-57\"\u003Ethey\u003C/span\u003E \u003Cspan class=\"word\" id=\"word-58\"\u003Emight\u003C/span\u003E \u003Cspan class=\"word\" id=\"word-59\"\u003Eshoot\u003C/span\u003E \u003Cspan class=\"word\" id=\"word-60\"\u003Eyou.\u003C/span\u003E \u003Cspan class=\"word\" id=\"word-61\"\u003EOh!\u003C/span\u003E \u003Cspan class=\"word\" id=\"word-62\"\u003EWhat\u003C/span\u003E \u003Cspan class=\"word\" id=\"word-63\"\u003Ewill\u003C/span\u003E \u003Cspan class=\"word\" id=\"word-64\"\u003EI\u003C/span\u003E \u003Cspan class=\"word\" id=\"word-65\"\u003Edo,\"\u003C/span\u003E \u003Cspan class=\"word\" id=\"word-66\"\u003Ecried\u003C/span\u003E \u003Cspan class=\"word\" id=\"word-67\"\u003ESniffles\u003C/span\u003E \u003Cspan class=\"word\" id=\"word-68\"\u003Esobbing\u003C/span\u003E \u003Cspan class=\"word\" id=\"word-69\"\u003Eloudly.\u003C/span\u003E \u003Cspan class=\"word\" id=\"word-70\"\u003E\"People\u003C/span\u003E \u003Cspan class=\"word\" id=\"word-71\"\u003Ecatch\u003C/span\u003E \u003Cspan class=\"word\" id=\"word-72\"\u003Ebutterflies\u003C/span\u003E \u003Cspan class=\"word\" id=\"word-73\"\u003Ewith\u003C/span\u003E \u003Cspan class=\"word\" id=\"word-74\"\u003Enets\u003C/span\u003E \u003Cspan class=\"word\" id=\"word-75\"\u003Eand\u003C/span\u003E \u003Cspan class=\"word\" id=\"word-76\"\u003Epin\u003C/span\u003E \u003Cspan class=\"word\" id=\"word-77\"\u003Ethem\u003C/span\u003E \u003Cspan class=\"word\" id=\"word-78\"\u003Eon\u003C/span\u003E \u003Cspan class=\"word\" id=\"word-79\"\u003Ea\u003C/span\u003E \u003Cspan class=\"word\" id=\"word-80\"\u003Eboard,\u003C/span\u003E \u003Cspan class=\"word\" id=\"word-81\"\u003Emy\u003C/span\u003E \u003Cspan class=\"word\" id=\"word-82\"\u003Egrandaunt\u003C/span\u003E \u003Cspan class=\"word\" id=\"word-83\"\u003Etold\u003C/span\u003E \u003Cspan class=\"word\" id=\"word-84\"\u003Eme,\"\u003C/span\u003E \u003Cspan class=\"word\" id=\"word-85\"\u003Esaid\u003C/span\u003E \u003Cspan class=\"word\" id=\"word-86\"\u003EPunch\u003C/span\u003E \u003Cspan class=\"word\" id=\"word-87\"\u003Eand\u003C/span\u003E \u003Cspan class=\"word\" id=\"word-88\"\u003Eflew\u003C/span\u003E \u003Cspan class=\"word\" id=\"word-89\"\u003Eaway.\u003C/span\u003E\u003Cbr\u003E\n    \u003C/span\u003E\n  ","image_alignment":"middle","name":"text","order":0,"page_name":"3","style":{"top":8.953125,"left":39.015625,"top_ratio":85.56,"left_ratio":26.19,"width":953,"height":264,"line-height":"1.2","font-family":"Arial","font-size":"25px"},"text":"One sunny afternoon, Punch settled herself near Sniffles' ear and told him, \"I have seen two men come this way with guns, they want to kill crocodiles for their skins.\" \"Don't these men have skins of their own?\" asked a puzzled Sniffles. \"I don't know Sniffles,\" replied Punch. \"Tell the other crocodiles and hide.\" \"But Punch, they might shoot you. Oh! What will I do,\" cried Sniffles sobbing loudly. \"People catch butterflies with nets and pin them on a board, my grandaunt told me,\" said Punch and flew away.\n","type":"text","updated_at":"2014-03-21T19:46:43.320Z","id":"532c251969702d6682ed0000"},{"alignment":"middle","audio_id":null,"created_at":"2014-03-21T11:40:09.284Z","html":null,"name":"image","order":0,"page_name":"3","style":{"top":null,"left":null},"text":"","type":"image","updated_at":"2014-03-21T11:47:43.150Z","url":"res/dba7e4fbb7.jpg","id":"532c251969702d3274260000"},{"audio_id":null,"created_at":"2014-03-22T06:28:02.737Z","highlight":"rgb(255, 153, 102)","html":null,"name":"","order":0,"style":{"top":null,"left":null},"text":"","text_id":"532c251969702d6682ed0000","type":"audio","updated_at":"2014-03-22T06:29:45.274Z","url":"res/3ce3b8c8a8.mp3","wordMap":[{"word":"One ","step":8,"wordIdx":1},{"word":"sunny","step":11,"wordIdx":2},{"word":"afternoon,","step":15,"wordIdx":3},{"word":"Punch","step":27,"wordIdx":4},{"word":"settled","step":31,"wordIdx":5},{"word":"herself","step":36,"wordIdx":6},{"word":"near","step":46,"wordIdx":7},{"word":"Sniffles'","step":48,"wordIdx":8},{"word":"ear","step":53,"wordIdx":9},{"word":"and","step":58,"wordIdx":10},{"word":"told","step":60,"wordIdx":11},{"word":"him,","step":62,"wordIdx":12},{"word":"\"I","step":70,"wordIdx":13},{"word":"have","step":74,"wordIdx":14},{"word":"seen","step":76,"wordIdx":15},{"word":"two","step":78,"wordIdx":16},{"word":"men","step":82,"wordIdx":17},{"word":"come","step":89,"wordIdx":18},{"word":"this","step":91,"wordIdx":19},{"word":"way","step":93,"wordIdx":20},{"word":"with","step":97,"wordIdx":21},{"word":"guns,","step":98,"wordIdx":22},{"word":"they","step":108,"wordIdx":23},{"word":"want","step":111,"wordIdx":24},{"word":"to","step":112,"wordIdx":25},{"word":"kill","step":114,"wordIdx":26},{"word":"crocodiles","step":121,"wordIdx":27},{"word":"for","step":128,"wordIdx":28},{"word":"their","step":130,"wordIdx":29},{"word":"skins.\"","step":131,"wordIdx":30},{"word":"\"Don't","step":148,"wordIdx":31},{"word":"these","step":150,"wordIdx":32},{"word":"men","step":151,"wordIdx":33},{"word":"have","step":154,"wordIdx":34},{"word":"skins","step":156,"wordIdx":35},{"word":"of","step":159,"wordIdx":36},{"word":"their","step":160,"wordIdx":37},{"word":"own?\"","step":162,"wordIdx":38},{"word":"asked","step":169,"wordIdx":39},{"word":"a","step":171,"wordIdx":40},{"word":"puzzled","step":173,"wordIdx":41},{"word":"Sniffles.","step":176,"wordIdx":42},{"word":"\"I","step":188,"wordIdx":43},{"word":"don't","step":191,"wordIdx":44},{"word":"know","step":194,"wordIdx":45},{"word":"Sniffles,\"","step":198,"wordIdx":46},{"word":"replied","step":207,"wordIdx":47},{"word":"Punch.","step":209,"wordIdx":48},{"word":"\"Tell","step":220,"wordIdx":49},{"word":"the","step":221,"wordIdx":50},{"word":"other","step":223,"wordIdx":51},{"word":"crocodiles","step":226,"wordIdx":52},{"word":"and","step":231,"wordIdx":53},{"word":"hide.\"","step":235,"wordIdx":54},{"word":"\"But","step":252,"wordIdx":55},{"word":"Punch,","step":254,"wordIdx":56},{"word":"they","step":258,"wordIdx":57},{"word":"might","step":260,"wordIdx":58},{"word":"shoot","step":263,"wordIdx":59},{"word":"you.","step":266,"wordIdx":60},{"word":"Oh!","step":274,"wordIdx":61},{"word":"What","step":280,"wordIdx":62},{"word":"will","step":282,"wordIdx":63},{"word":"I","step":283,"wordIdx":64},{"word":"do,\"","step":285,"wordIdx":65},{"word":"cried","step":295,"wordIdx":66},{"word":"Sniffles","step":299,"wordIdx":67},{"word":"sobbing","step":306,"wordIdx":68},{"word":"loudly.","step":310,"wordIdx":69},{"word":"\"People","step":323,"wordIdx":70},{"word":"catch","step":327,"wordIdx":71},{"word":"butterflies","step":333,"wordIdx":72},{"word":"with","step":340,"wordIdx":73},{"word":"nets","step":341,"wordIdx":74},{"word":"and","step":349,"wordIdx":75},{"word":"pin","step":350,"wordIdx":76},{"word":"them","step":353,"wordIdx":77},{"word":"on","step":355,"wordIdx":78},{"word":"a","step":356,"wordIdx":79},{"word":"board,","step":357,"wordIdx":80},{"word":"my","step":365,"wordIdx":81},{"word":"grandaunt","step":367,"wordIdx":82},{"word":"told","step":371,"wordIdx":83},{"word":"me,\"","step":378,"wordIdx":84},{"word":"said","step":384,"wordIdx":85},{"word":"Punch","step":387,"wordIdx":86},{"word":"and","step":392,"wordIdx":87},{"word":"flew","step":393,"wordIdx":88},{"word":"away.","step":397,"wordIdx":89}],"wordTimes":[0.841021,1.138021,1.5435210000000001,2.699521,3.057021,3.585521,4.633021,4.810021,5.275021,5.774521,6.031521,6.150021,7.036521,7.387521,7.595021,7.847521,8.22652,8.878521,9.134521,9.258021,9.669021,9.800021,10.820021,11.064021,11.191521,11.371021,12.064021,12.832021,12.960521,13.135521,14.824021,14.952021,15.083521,15.401521,15.649521,15.898021,16.033021,16.204521,16.885521,17.137021,17.265521,17.569021,18.846021,19.126021,19.398021,19.778521,20.673021,20.930021,21.980521,22.104021,22.269021,22.582521,23.125521,23.508021,25.165521,25.364021,25.772021,26.019521,26.345521,26.589521,27.363021,28.030021,28.163021,28.309521,28.466021,29.500521,29.886021,30.572521,30.963521,32.272521,32.706521,33.26202,34.016521,34.145021,34.897521,35.025521,35.326021,35.455021,35.593521,35.744021000000004,36.506521,36.650021,37.105521,37.791521,38.422521,38.680020999999996,39.187521,39.312521,39.728521],"id":"532d2d7269702d5aee000000"}],"name":"3","pageNo":1,"pageable_id":"532d3f6169702d6638030000","pageable_type":"LiveStory","type":"page","updated_at":"2014-03-21T11:39:54.977Z","id":"532d3f6169702d6638140000"},{"child":null,"created_at":"2014-03-21T11:39:55.580Z","deleted_at":null,"game_cover":null,"is_avail":true,"layers":[{"alignment":"middle","audio_id":null,"created_at":"2014-03-21T11:40:12.806Z","html":null,"name":"image","order":0,"page_name":"4","style":{"top":null,"left":null},"text":"","type":"image","updated_at":"2014-03-21T11:48:22.153Z","url":"res/0a9d9c6493.jpg","id":"532c251c69702d668deb0000"},{"alignment":"left","audio":true,"audio_id":"532d2de369702d59bc000000","created_at":"2014-03-21T11:40:13.160Z","html":"\n    \n    \u003Cspan class=\"innerText\" style=\"\"\u003E\n   \u003Cspan class=\"word\" id=\"word-1\"\u003EThe \u003C/span\u003E \u003Cspan class=\"word\" id=\"word-2\"\u003Eother\u003C/span\u003E \u003Cspan class=\"word\" id=\"word-3\"\u003Ecrocodiles\u003C/span\u003E \u003Cspan class=\"word\" id=\"word-4\"\u003Eheard\u003C/span\u003E \u003Cspan class=\"word\" id=\"word-5\"\u003ESniffles\u003C/span\u003E \u003Cspan class=\"word\" id=\"word-6\"\u003Ecrying\u003C/span\u003E \u003Cspan class=\"word\" id=\"word-7\"\u003Eand\u003C/span\u003E \u003Cspan class=\"word\" id=\"word-8\"\u003Eshouting,\u003C/span\u003E \u003Cspan class=\"word\" id=\"word-9\"\u003E\"Men\u003C/span\u003E \u003Cspan class=\"word\" id=\"word-10\"\u003Ecoming\u003C/span\u003E \u003Cspan class=\"word\" id=\"word-11\"\u003Eto\u003C/span\u003E \u003Cspan class=\"word\" id=\"word-12\"\u003Ekill\u003C/span\u003E \u003Cspan class=\"word\" id=\"word-13\"\u003Eus.\u003C/span\u003E \u003Cspan class=\"word\" id=\"word-14\"\u003EHide\u003C/span\u003E \u003Cspan class=\"word\" id=\"word-15\"\u003EHurry\u003C/span\u003E \u003Cspan class=\"word\" id=\"word-16\"\u003EHide.\"\u003C/span\u003E \u003Cspan class=\"word\" id=\"word-17\"\u003EAt\u003C/span\u003E \u003Cspan class=\"word\" id=\"word-18\"\u003Efirst\u003C/span\u003E \u003Cspan class=\"word\" id=\"word-19\"\u003Ethe\u003C/span\u003E \u003Cspan class=\"word\" id=\"word-20\"\u003Ecrocodiles\u003C/span\u003E \u003Cspan class=\"word\" id=\"word-21\"\u003Edid\u003C/span\u003E \u003Cspan class=\"word\" id=\"word-22\"\u003Enot\u003C/span\u003E \u003Cspan class=\"word\" id=\"word-23\"\u003Ebelieve\u003C/span\u003E \u003Cspan class=\"word\" id=\"word-24\"\u003ESniffles,\u003C/span\u003E \u003Cspan class=\"word\" id=\"word-25\"\u003Ebut\u003C/span\u003E \u003Cspan class=\"word\" id=\"word-26\"\u003Ethen\u003C/span\u003E \u003Cspan class=\"word\" id=\"word-27\"\u003Ethey\u003C/span\u003E \u003Cspan class=\"word\" id=\"word-28\"\u003Eheard\u003C/span\u003E \u003Cspan class=\"word\" id=\"word-29\"\u003Ethe\u003C/span\u003E \u003Cspan class=\"word\" id=\"word-30\"\u003Emen's\u003C/span\u003E \u003Cspan class=\"word\" id=\"word-31\"\u003Efootsteps.\u003C/span\u003E \u003Cspan class=\"word\" id=\"word-32\"\u003EThe\u003C/span\u003E \u003Cspan class=\"word\" id=\"word-33\"\u003Ecrocodiles\u003C/span\u003E \u003Cspan class=\"word\" id=\"word-34\"\u003Ewent\u003C/span\u003E \u003Cspan class=\"word\" id=\"word-35\"\u003Edeep\u003C/span\u003E \u003Cspan class=\"word\" id=\"word-36\"\u003Einto\u003C/span\u003E \u003Cspan class=\"word\" id=\"word-37\"\u003Ethe\u003C/span\u003E \u003Cspan class=\"word\" id=\"word-38\"\u003Eriver\u003C/span\u003E \u003Cspan class=\"word\" id=\"word-39\"\u003Eand\u003C/span\u003E \u003Cspan class=\"word\" id=\"word-40\"\u003Eleft\u003C/span\u003E \u003Cspan class=\"word\" id=\"word-41\"\u003Esome\u003C/span\u003E \u003Cspan class=\"word\" id=\"word-42\"\u003Erotten\u003C/span\u003E \u003Cspan class=\"word\" id=\"word-43\"\u003Elogs\u003C/span\u003E \u003Cspan class=\"word\" id=\"word-44\"\u003Efloating\u003C/span\u003E \u003Cspan class=\"word\" id=\"word-45\"\u003Eon\u003C/span\u003E \u003Cspan class=\"word\" id=\"word-46\"\u003Ethe\u003C/span\u003E \u003Cspan class=\"word\" id=\"word-47\"\u003Ewater.\u003C/span\u003E \u003Cspan class=\"word\" id=\"word-48\"\u003EThe\u003C/span\u003E \u003Cspan class=\"word\" id=\"word-49\"\u003Emen\u003C/span\u003E \u003Cspan class=\"word\" id=\"word-50\"\u003Eshot\u003C/span\u003E \u003Cspan class=\"word\" id=\"word-51\"\u003Eat\u003C/span\u003E \u003Cspan class=\"word\" id=\"word-52\"\u003Ethe\u003C/span\u003E \u003Cspan class=\"word\" id=\"word-53\"\u003Elogs\u003C/span\u003E \u003Cspan class=\"word\" id=\"word-54\"\u003Ewhich\u003C/span\u003E \u003Cspan class=\"word\" id=\"word-55\"\u003Elooked\u003C/span\u003E \u003Cspan class=\"word\" id=\"word-56\"\u003Elike\u003C/span\u003E \u003Cspan class=\"word\" id=\"word-57\"\u003Ecrocodiles\u003C/span\u003E \u003Cspan class=\"word\" id=\"word-58\"\u003Efrom\u003C/span\u003E \u003Cspan class=\"word\" id=\"word-59\"\u003Eafar.\u003C/span\u003E \u003Cspan class=\"word\" id=\"word-60\"\u003EThe\u003C/span\u003E \u003Cspan class=\"word\" id=\"word-61\"\u003Emen\u003C/span\u003E \u003Cspan class=\"word\" id=\"word-62\"\u003Ecould\u003C/span\u003E \u003Cspan class=\"word\" id=\"word-63\"\u003Enot\u003C/span\u003E \u003Cspan class=\"word\" id=\"word-64\"\u003Esee\u003C/span\u003E \u003Cspan class=\"word\" id=\"word-65\"\u003Eany\u003C/span\u003E \u003Cspan class=\"word\" id=\"word-66\"\u003Ecrocodiles,\u003C/span\u003E \u003Cspan class=\"word\" id=\"word-67\"\u003Eonly\u003C/span\u003E \u003Cspan class=\"word\" id=\"word-68\"\u003Ehundreds\u003C/span\u003E \u003Cspan class=\"word\" id=\"word-69\"\u003Eof\u003C/span\u003E \u003Cspan class=\"word\" id=\"word-70\"\u003Ebutterflies\u003C/span\u003E \u003Cspan class=\"word\" id=\"word-71\"\u003Ethat\u003C/span\u003E \u003Cspan class=\"word\" id=\"word-72\"\u003Eflew\u003C/span\u003E \u003Cspan class=\"word\" id=\"word-73\"\u003Einto\u003C/span\u003E \u003Cspan class=\"word\" id=\"word-74\"\u003Etheir\u003C/span\u003E \u003Cspan class=\"word\" id=\"word-75\"\u003Efaces\u003C/span\u003E \u003Cspan class=\"word\" id=\"word-76\"\u003Eand\u003C/span\u003E \u003Cspan class=\"word\" id=\"word-77\"\u003Ehair.\u003C/span\u003E\u003Cbr\u003E\n    \u003C/span\u003E\n  ","image_alignment":"middle","name":"text","order":0,"page_name":"4","style":{"top":0,"left":19,"top_ratio":0,"left_ratio":53.79,"width":987,"height":218,"line-height":"1.2","font-family":"Arial","font-size":"25px"},"text":"The other crocodiles heard Sniffles crying and shouting, \"Men coming to kill us. Hide Hurry Hide.\" At first the crocodiles did not believe Sniffles, but then they heard the men's footsteps. The crocodiles went deep into the river and left some rotten logs floating on the water. The men shot at the logs which looked like crocodiles from afar. The men could not see any crocodiles, only hundreds of butterflies that flew into their faces and hair.\n","type":"text","updated_at":"2014-03-22T07:19:32.377Z","id":"532c251d69702d63b9b80000"},{"audio_id":null,"created_at":"2014-03-22T06:29:55.174Z","highlight":"rgb(255, 153, 102)","html":null,"name":"","order":0,"style":{"top":null,"left":null},"text":"","text_id":"532c251d69702d63b9b80000","type":"audio","updated_at":"2014-03-22T06:31:31.146Z","url":"res/7fd71a223d.mp3","wordMap":[{"word":"The ","step":8,"wordIdx":1},{"word":"other","step":10,"wordIdx":2},{"word":"crocodiles","step":13,"wordIdx":3},{"word":"heard","step":20,"wordIdx":4},{"word":"Sniffles","step":26,"wordIdx":5},{"word":"crying","step":30,"wordIdx":6},{"word":"and","step":37,"wordIdx":7},{"word":"shouting,","step":39,"wordIdx":8},{"word":"\"Men","step":49,"wordIdx":9},{"word":"coming","step":53,"wordIdx":10},{"word":"to","step":57,"wordIdx":11},{"word":"kill","step":58,"wordIdx":12},{"word":"us.","step":61,"wordIdx":13},{"word":"Hide","step":68,"wordIdx":14},{"word":"Hurry","step":75,"wordIdx":15},{"word":"Hide.\"","step":81,"wordIdx":16},{"word":"At","step":95,"wordIdx":17},{"word":"first","step":98,"wordIdx":18},{"word":"the","step":107,"wordIdx":19},{"word":"crocodiles","step":108,"wordIdx":20},{"word":"did","step":114,"wordIdx":21},{"word":"not","step":116,"wordIdx":22},{"word":"believe","step":120,"wordIdx":23},{"word":"Sniffles,","step":125,"wordIdx":24},{"word":"but","step":135,"wordIdx":25},{"word":"then","step":138,"wordIdx":26},{"word":"they","step":143,"wordIdx":27},{"word":"heard","step":147,"wordIdx":28},{"word":"the","step":150,"wordIdx":29},{"word":"men's","step":152,"wordIdx":30},{"word":"footsteps.","step":156,"wordIdx":31},{"word":"The","step":167,"wordIdx":32},{"word":"crocodiles","step":173,"wordIdx":33},{"word":"went","step":178,"wordIdx":34},{"word":"deep","step":183,"wordIdx":35},{"word":"into","step":187,"wordIdx":36},{"word":"the","step":189,"wordIdx":37},{"word":"river","step":192,"wordIdx":38},{"word":"and","step":197,"wordIdx":39},{"word":"left","step":201,"wordIdx":40},{"word":"some","step":203,"wordIdx":41},{"word":"rotten","step":206,"wordIdx":42},{"word":"logs","step":212,"wordIdx":43},{"word":"floating","step":219,"wordIdx":44},{"word":"on","step":222,"wordIdx":45},{"word":"the","step":223,"wordIdx":46},{"word":"water.","step":224,"wordIdx":47},{"word":"The","step":237,"wordIdx":48},{"word":"men","step":239,"wordIdx":49},{"word":"shot","step":240,"wordIdx":50},{"word":"at","step":244,"wordIdx":51},{"word":"the","step":247,"wordIdx":52},{"word":"logs","step":248,"wordIdx":53},{"word":"which","step":255,"wordIdx":54},{"word":"looked","step":258,"wordIdx":55},{"word":"like","step":261,"wordIdx":56},{"word":"crocodiles","step":264,"wordIdx":57},{"word":"from","step":272,"wordIdx":58},{"word":"afar.","step":277,"wordIdx":59},{"word":"The","step":290,"wordIdx":60},{"word":"men","step":293,"wordIdx":61},{"word":"could","step":296,"wordIdx":62},{"word":"not","step":299,"wordIdx":63},{"word":"see","step":301,"wordIdx":64},{"word":"any","step":304,"wordIdx":65},{"word":"crocodiles,","step":309,"wordIdx":66},{"word":"only","step":322,"wordIdx":67},{"word":"hundreds","step":326,"wordIdx":68},{"word":"of","step":329,"wordIdx":69},{"word":"butterflies","step":333,"wordIdx":70},{"word":"that","step":341,"wordIdx":71},{"word":"flew","step":345,"wordIdx":72},{"word":"into","step":349,"wordIdx":73},{"word":"their","step":351,"wordIdx":74},{"word":"faces","step":354,"wordIdx":75},{"word":"and","step":359,"wordIdx":76},{"word":"hair.","step":366,"wordIdx":77}],"wordTimes":[0.826521,0.984021,1.343521,2.04652,2.583021,2.958021,3.665021,3.890021,4.912021,5.303021,5.721021,5.844521,6.127521,6.767021,7.468521,8.072521,9.454521,9.824521,10.718021,10.834521,11.358021,11.628521,12.013021,12.512521,13.515021,13.778021,14.292521,14.694021,14.958521,15.209521,15.585021,16.71152,17.281021,17.786521,18.314521,18.698021,18.947521,19.193521,19.696021000000002,20.077521,20.328521,20.619521,21.153521,21.908021,22.162521,22.285521,22.433021,23.728521,23.853521,24.022521,24.431021,24.687021,24.810021,25.456521,25.760521,26.140021,26.415521,27.167521,27.693021,28.950521,29.336021,29.595021,29.886021,30.141021,30.387521,30.888521,32.158521,32.554521,32.94802,33.26152,34.064521,34.478021,34.872021,35.120521,35.387521,35.896021,36.578021],"id":"532d2de369702d59bc000000"}],"name":"4","pageNo":1,"pageable_id":"532d3f6169702d6638030000","pageable_type":"LiveStory","type":"page","updated_at":"2014-03-21T11:39:55.580Z","id":"532d3f6169702d6638180000"},{"child":null,"created_at":"2014-03-21T11:39:56.175Z","deleted_at":null,"game_cover":null,"is_avail":true,"layers":[{"alignment":"left","audio":true,"audio_id":"532d2f3e69702d5426120000","created_at":"2014-03-21T11:40:16.165Z","html":"\n    \n    \u003Cspan class=\"innerText\" style=\"\"\u003E\n   \u003Cspan class=\"word\" id=\"word-1\"\u003EShaking \u003C/span\u003E \u003Cspan class=\"word\" id=\"word-2\"\u003Etheir\u003C/span\u003E \u003Cspan class=\"word\" id=\"word-3\"\u003Eheads\u003C/span\u003E \u003Cspan class=\"word\" id=\"word-4\"\u003Eand\u003C/span\u003E \u003Cspan class=\"word\" id=\"word-5\"\u003Etrying\u003C/span\u003E \u003Cspan class=\"word\" id=\"word-6\"\u003Eto\u003C/span\u003E \u003Cspan class=\"word\" id=\"word-7\"\u003Ebrush\u003C/span\u003E \u003Cspan class=\"word\" id=\"word-8\"\u003Eoff\u003C/span\u003E \u003Cspan class=\"word\" id=\"word-9\"\u003Ethe\u003C/span\u003E \u003Cspan class=\"word\" id=\"word-10\"\u003Ebutterflies\u003C/span\u003E \u003Cspan class=\"word\" id=\"word-11\"\u003Ethey\u003C/span\u003E \u003Cspan class=\"word\" id=\"word-12\"\u003Esaid,\u003C/span\u003E \u003Cspan class=\"word\" id=\"word-13\"\u003E\"There\u003C/span\u003E \u003Cspan class=\"word\" id=\"word-14\"\u003Eare\u003C/span\u003E \u003Cspan class=\"word\" id=\"word-15\"\u003Eno\u003C/span\u003E \u003Cspan class=\"word\" id=\"word-16\"\u003Ecrocodiles\u003C/span\u003E \u003Cspan class=\"word\" id=\"word-17\"\u003Ehere,\u003C/span\u003E \u003Cspan class=\"word\" id=\"word-18\"\u003Ewe\u003C/span\u003E \u003Cspan class=\"word\" id=\"word-19\"\u003Ewill\u003C/span\u003E \u003Cspan class=\"word\" id=\"word-20\"\u003Ebring\u003C/span\u003E \u003Cspan class=\"word\" id=\"word-21\"\u003Enets\u003C/span\u003E \u003Cspan class=\"word\" id=\"word-22\"\u003Eand\u003C/span\u003E \u003Cspan class=\"word\" id=\"word-23\"\u003Ecatch\u003C/span\u003E \u003Cspan class=\"word\" id=\"word-24\"\u003Ethe\u003C/span\u003E \u003Cspan class=\"word\" id=\"word-25\"\u003Ebutterflies.\"\u003C/span\u003E \u003Cspan class=\"word\" id=\"word-26\"\u003EAnd\u003C/span\u003E \u003Cspan class=\"word\" id=\"word-27\"\u003Eoff\u003C/span\u003E \u003Cspan class=\"word\" id=\"word-28\"\u003Ethey\u003C/span\u003E \u003Cspan class=\"word\" id=\"word-29\"\u003Ewent.\u003C/span\u003E \u003Cspan class=\"word\" id=\"word-30\"\u003EAll\u003C/span\u003E \u003Cspan class=\"word\" id=\"word-31\"\u003Ethe\u003C/span\u003E \u003Cspan class=\"word\" id=\"word-32\"\u003Ecrocodiles\u003C/span\u003E \u003Cspan class=\"word\" id=\"word-33\"\u003Egot\u003C/span\u003E \u003Cspan class=\"word\" id=\"word-34\"\u003Etogether\u003C/span\u003E \u003Cspan class=\"word\" id=\"word-35\"\u003Eand\u003C/span\u003E \u003Cspan class=\"word\" id=\"word-36\"\u003Esaid,\u003C/span\u003E \u003Cspan class=\"word\" id=\"word-37\"\u003E\"Thank\u003C/span\u003E \u003Cspan class=\"word\" id=\"word-38\"\u003Eyou,\u003C/span\u003E \u003Cspan class=\"word\" id=\"word-39\"\u003EPunch.\"\u003C/span\u003E \u003Cspan class=\"word\" id=\"word-40\"\u003E\"Thank\u003C/span\u003E \u003Cspan class=\"word\" id=\"word-41\"\u003Eyou,\u003C/span\u003E \u003Cspan class=\"word\" id=\"word-42\"\u003EButterflies.\"\u003C/span\u003E\u003Cbr\u003E\n    \u003C/span\u003E\n  ","image_alignment":"middle","name":"text","order":0,"page_name":"5","style":{"top":8.046875,"left":111.3125,"top_ratio":95.19,"left_ratio":9.18,"width":811,"height":161,"line-height":"1.2","font-family":"Arial","font-size":"25px"},"text":"Shaking their heads and trying to brush off the butterflies they said, \"There are no crocodiles here, we will bring nets and catch the butterflies.\" And off they went. All the crocodiles got together and said, \"Thank you, Punch.\" \"Thank you, Butterflies.\"\n","type":"text","updated_at":"2014-03-22T07:19:33.833Z","id":"532c252069702d63b9b90000"},{"alignment":"middle","audio_id":null,"created_at":"2014-03-21T11:40:16.172Z","html":null,"name":"image","order":0,"page_name":"5","style":{"top":null,"left":null},"text":"","type":"image","updated_at":"2014-03-21T11:49:01.801Z","url":"res/25ce43e980.jpg","id":"532c252069702d3274270000"},{"audio_id":null,"created_at":"2014-03-22T06:35:42.718Z","highlight":"rgb(255, 153, 102)","html":null,"name":"","order":0,"style":{"top":null,"left":null},"text":"","text_id":"532c252069702d63b9b90000","type":"audio","updated_at":"2014-03-22T06:37:14.731Z","url":"res/57667943c4.mp3","wordMap":[{"word":"Shaking ","step":4,"wordIdx":1},{"word":"their","step":8,"wordIdx":2},{"word":"heads","step":11,"wordIdx":3},{"word":"and","step":17,"wordIdx":4},{"word":"trying","step":20,"wordIdx":5},{"word":"to","step":23,"wordIdx":6},{"word":"brush","step":26,"wordIdx":7},{"word":"off","step":29,"wordIdx":8},{"word":"the","step":30,"wordIdx":9},{"word":"butterflies","step":31,"wordIdx":10},{"word":"they","step":39,"wordIdx":11},{"word":"said,","step":43,"wordIdx":12},{"word":"\"There","step":52,"wordIdx":13},{"word":"are","step":53,"wordIdx":14},{"word":"no","step":56,"wordIdx":15},{"word":"crocodiles","step":58,"wordIdx":16},{"word":"here,","step":65,"wordIdx":17},{"word":"we","step":73,"wordIdx":18},{"word":"will","step":76,"wordIdx":19},{"word":"bring","step":77,"wordIdx":20},{"word":"nets","step":80,"wordIdx":21},{"word":"and","step":84,"wordIdx":22},{"word":"catch","step":87,"wordIdx":23},{"word":"the","step":89,"wordIdx":24},{"word":"butterflies.\"","step":92,"wordIdx":25},{"word":"And","step":103,"wordIdx":26},{"word":"off","step":106,"wordIdx":27},{"word":"they","step":107,"wordIdx":28},{"word":"went.","step":110,"wordIdx":29},{"word":"All","step":118,"wordIdx":30},{"word":"the","step":123,"wordIdx":31},{"word":"crocodiles","step":128,"wordIdx":32},{"word":"got","step":134,"wordIdx":33},{"word":"together","step":137,"wordIdx":34},{"word":"and","step":144,"wordIdx":35},{"word":"said,","step":145,"wordIdx":36},{"word":"\"Thank","step":152,"wordIdx":37},{"word":"you,","step":156,"wordIdx":38},{"word":"Punch.\"","step":158,"wordIdx":39},{"word":"\"Thank","step":164,"wordIdx":40},{"word":"you,","step":171,"wordIdx":41},{"word":"Butterflies.\"","step":174,"wordIdx":42}],"wordTimes":[0.446021,0.832021,1.087521,1.7115209999999998,1.9775209999999999,2.349021,2.606521,2.855521,2.975521,3.137021,3.925021,4.305521,5.183521,5.302021,5.572021,5.8235209999999995,6.466521,7.345021,7.594521,7.749021,8.025021,8.400021,8.655521,8.941521,9.216021,10.342521,10.594021,10.719521,10.992021,11.752521,12.251021,12.781020999999999,13.409521,13.670521,14.417521,14.549521,15.181021,15.552021,15.815521,16.44502,17.107521,17.355021],"id":"532d2f3e69702d5426120000"}],"name":"5","pageNo":1,"pageable_id":"532d3f6169702d6638030000","pageable_type":"LiveStory","type":"page","updated_at":"2014-03-21T11:39:56.175Z","id":"532d3f6169702d66381c0000"},{"child":"532d3f6169702d6638060000","created_at":"2014-03-21T11:39:57.827Z","deleted_at":null,"game_cover":null,"is_avail":true,"layers":[{"alignment":"left","audio":true,"audio_id":"532d302c69702d59bc010000","created_at":"2014-03-21T11:40:19.544Z","html":"\n    \n    \u003Cspan class=\"innerText\" style=\"\"\u003E\n   \u003Cspan class=\"word\" id=\"word-1\"\u003EThe \u003C/span\u003E \u003Cspan class=\"word\" id=\"word-2\"\u003Enext\u003C/span\u003E \u003Cspan class=\"word\" id=\"word-3\"\u003Eday\u003C/span\u003E \u003Cspan class=\"word\" id=\"word-4\"\u003ESniffles\u003C/span\u003E \u003Cspan class=\"word\" id=\"word-5\"\u003Esaw\u003C/span\u003E \u003Cspan class=\"word\" id=\"word-6\"\u003Emen\u003C/span\u003E \u003Cspan class=\"word\" id=\"word-7\"\u003Ewith\u003C/span\u003E \u003Cspan class=\"word\" id=\"word-8\"\u003Enets.\u003C/span\u003E \u003Cspan class=\"word\" id=\"word-9\"\u003EHe\u003C/span\u003E \u003Cspan class=\"word\" id=\"word-10\"\u003Eremembered\u003C/span\u003E \u003Cspan class=\"word\" id=\"word-11\"\u003EPunch\u003C/span\u003E \u003Cspan class=\"word\" id=\"word-12\"\u003Etelling\u003C/span\u003E \u003Cspan class=\"word\" id=\"word-13\"\u003Ehim\u003C/span\u003E \u003Cspan class=\"word\" id=\"word-14\"\u003Eabout\u003C/span\u003E \u003Cspan class=\"word\" id=\"word-15\"\u003Enets.\u003C/span\u003E \u003Cspan class=\"word\" id=\"word-16\"\u003E\"Punch,\u003C/span\u003E \u003Cspan class=\"word\" id=\"word-17\"\u003Ethe\u003C/span\u003E \u003Cspan class=\"word\" id=\"word-18\"\u003Enets!\u003C/span\u003E \u003Cspan class=\"word\" id=\"word-19\"\u003ECome\u003C/span\u003E \u003Cspan class=\"word\" id=\"word-20\"\u003Ehere\u003C/span\u003E \u003Cspan class=\"word\" id=\"word-21\"\u003Equick!\u003C/span\u003E \u003Cspan class=\"word\" id=\"word-22\"\u003EThe\u003C/span\u003E \u003Cspan class=\"word\" id=\"word-23\"\u003Emen\u003C/span\u003E \u003Cspan class=\"word\" id=\"word-24\"\u003Ewith\u003C/span\u003E \u003Cspan class=\"word\" id=\"word-25\"\u003Ethe\u003C/span\u003E \u003Cspan class=\"word\" id=\"word-26\"\u003Enets\u003C/span\u003E \u003Cspan class=\"word\" id=\"word-27\"\u003Ehave\u003C/span\u003E \u003Cspan class=\"word\" id=\"word-28\"\u003Ecome.\"\u003C/span\u003E \u003Cspan class=\"word\" id=\"word-29\"\u003EAll\u003C/span\u003E \u003Cspan class=\"word\" id=\"word-30\"\u003Ethe\u003C/span\u003E \u003Cspan class=\"word\" id=\"word-31\"\u003Ecrocodiles\u003C/span\u003E \u003Cspan class=\"word\" id=\"word-32\"\u003Ecame\u003C/span\u003E \u003Cspan class=\"word\" id=\"word-33\"\u003Eon\u003C/span\u003E \u003Cspan class=\"word\" id=\"word-34\"\u003Ethe\u003C/span\u003E \u003Cspan class=\"word\" id=\"word-35\"\u003Eriver\u003C/span\u003E \u003Cspan class=\"word\" id=\"word-36\"\u003Ebank.\u003C/span\u003E \u003Cspan class=\"word\" id=\"word-37\"\u003EThe\u003C/span\u003E \u003Cspan class=\"word\" id=\"word-38\"\u003Ebutterflies\u003C/span\u003E \u003Cspan class=\"word\" id=\"word-39\"\u003Esettled\u003C/span\u003E \u003Cspan class=\"word\" id=\"word-40\"\u003Eon\u003C/span\u003E \u003Cspan class=\"word\" id=\"word-41\"\u003Ethe\u003C/span\u003E \u003Cspan class=\"word\" id=\"word-42\"\u003Ebacks\u003C/span\u003E \u003Cspan class=\"word\" id=\"word-43\"\u003Eand\u003C/span\u003E \u003Cspan class=\"word\" id=\"word-44\"\u003Eheads\u003C/span\u003E \u003Cspan class=\"word\" id=\"word-45\"\u003Eof\u003C/span\u003E \u003Cspan class=\"word\" id=\"word-46\"\u003Ethe\u003C/span\u003E \u003Cspan class=\"word\" id=\"word-47\"\u003Ecrocodiles.\u003C/span\u003E\u003Cbr\u003E\n    \u003C/span\u003E\n  ","image_alignment":"middle","name":"text","order":0,"page_name":"6","style":{"top":3.03125,"left":46.078125,"top_ratio":252.7,"left_ratio":22.18,"width":907,"height":164,"line-height":"1.2","font-family":"Arial","font-size":"25px"},"text":"The next day Sniffles saw men with nets. He remembered Punch telling him about nets. \"Punch, the nets! Come here quick! The men with the nets have come.\" All the crocodiles came on the river bank. The butterflies settled on the backs and heads of the crocodiles.\n","type":"text","updated_at":"2014-03-22T07:19:35.833Z","id":"532c252369702d3274280000"},{"alignment":"middle","audio_id":null,"created_at":"2014-03-21T11:40:19.542Z","html":null,"name":"image","order":0,"page_name":"6","style":{"top":null,"left":null},"text":"","type":"image","updated_at":"2014-03-21T11:49:38.052Z","url":"res/7b33f5ef0f.jpg","id":"532c252369702d63b9ba0000"},{"audio_id":null,"created_at":"2014-03-22T06:39:40.012Z","highlight":"rgb(255, 153, 102)","html":null,"name":"","order":0,"style":{"top":null,"left":null},"text":"","text_id":"532c252369702d3274280000","type":"audio","updated_at":"2014-03-22T06:40:52.472Z","url":"res/9f47bcb8e5.mp3","wordMap":[{"word":"The ","step":7,"wordIdx":1},{"word":"next","step":8,"wordIdx":2},{"word":"day","step":11,"wordIdx":3},{"word":"Sniffles","step":17,"wordIdx":4},{"word":"saw","step":24,"wordIdx":5},{"word":"men","step":25,"wordIdx":6},{"word":"with","step":29,"wordIdx":7},{"word":"nets.","step":32,"wordIdx":8},{"word":"He","step":43,"wordIdx":9},{"word":"remembered","step":46,"wordIdx":10},{"word":"Punch","step":51,"wordIdx":11},{"word":"telling","step":60,"wordIdx":12},{"word":"him","step":62,"wordIdx":13},{"word":"about","step":65,"wordIdx":14},{"word":"nets.","step":68,"wordIdx":15},{"word":"\"Punch,","step":81,"wordIdx":16},{"word":"the","step":87,"wordIdx":17},{"word":"nets!","step":90,"wordIdx":18},{"word":"Come","step":97,"wordIdx":19},{"word":"here","step":100,"wordIdx":20},{"word":"quick!","step":105,"wordIdx":21},{"word":"The","step":114,"wordIdx":22},{"word":"men","step":117,"wordIdx":23},{"word":"with","step":119,"wordIdx":24},{"word":"the","step":122,"wordIdx":25},{"word":"nets","step":123,"wordIdx":26},{"word":"have","step":127,"wordIdx":27},{"word":"come.\"","step":130,"wordIdx":28},{"word":"All","step":140,"wordIdx":29},{"word":"the","step":144,"wordIdx":30},{"word":"crocodiles","step":149,"wordIdx":31},{"word":"came","step":158,"wordIdx":32},{"word":"on","step":161,"wordIdx":33},{"word":"the","step":163,"wordIdx":34},{"word":"river","step":164,"wordIdx":35},{"word":"bank.","step":168,"wordIdx":36},{"word":"The","step":176,"wordIdx":37},{"word":"butterflies","step":178,"wordIdx":38},{"word":"settled","step":185,"wordIdx":39},{"word":"on","step":187,"wordIdx":40},{"word":"the","step":188,"wordIdx":41},{"word":"backs","step":190,"wordIdx":42},{"word":"and","step":198,"wordIdx":43},{"word":"heads","step":201,"wordIdx":44},{"word":"of","step":204,"wordIdx":45},{"word":"the","step":208,"wordIdx":46},{"word":"crocodiles.","step":210,"wordIdx":47}],"wordTimes":[0.693021,0.815021,1.0640209999999999,1.695021,2.372521,2.492021,2.927021,3.174521,4.302021,4.550021,5.069021,5.963521,6.215521,6.472021,6.848021,8.103021,8.729521,8.978021,9.738521,10.001021,10.504521,11.375021,11.668521,11.915021,12.213521,12.332021,12.715521,13.007021,14.004021,14.379521,14.887021,15.762021,16.057021,16.299521,16.42252,16.803021,17.553521,17.832521,18.459521,18.714521,18.847021,19.031021,19.795021,20.050021,20.434021,20.821021000000002,20.985021],"id":"532d302c69702d59bc010000"}],"name":"6","pageNo":1,"pageable_id":"532d3f6169702d6638030000","pageable_type":"LiveStory","type":"page","updated_at":"2014-03-22T07:44:33.826Z","id":"532d3f6169702d6638200000"},{"child":null,"created_at":"2014-03-21T11:39:58.473Z","deleted_at":null,"game_cover":null,"is_avail":true,"layers":[{"alignment":"left","audio":true,"audio_id":"532d30da69702d59bc020000","created_at":"2014-03-21T11:40:22.722Z","html":"\n    \n    \u003Cspan class=\"innerText\" style=\"\"\u003E\n   \u003Cspan class=\"word\" id=\"word-1\"\u003EA \u003C/span\u003E \u003Cspan class=\"word\" id=\"word-2\"\u003Efew\u003C/span\u003E \u003Cspan class=\"word\" id=\"word-3\"\u003Eof\u003C/span\u003E \u003Cspan class=\"word\" id=\"word-4\"\u003Ethe\u003C/span\u003E \u003Cspan class=\"word\" id=\"word-5\"\u003Ecrocodiles\u003C/span\u003E \u003Cspan class=\"word\" id=\"word-6\"\u003Emade\u003C/span\u003E \u003Cspan class=\"word\" id=\"word-7\"\u003Ea\u003C/span\u003E \u003Cspan class=\"word\" id=\"word-8\"\u003Ecircle\u003C/span\u003E \u003Cspan class=\"word\" id=\"word-9\"\u003Earound\u003C/span\u003E \u003Cspan class=\"word\" id=\"word-10\"\u003Ethe\u003C/span\u003E \u003Cspan class=\"word\" id=\"word-11\"\u003Emen\u003C/span\u003E \u003Cspan class=\"word\" id=\"word-12\"\u003Eas\u003C/span\u003E \u003Cspan class=\"word\" id=\"word-13\"\u003Ethey\u003C/span\u003E \u003Cspan class=\"word\" id=\"word-14\"\u003Ecame\u003C/span\u003E \u003Cspan class=\"word\" id=\"word-15\"\u003Eclose.\u003C/span\u003E \u003Cspan class=\"word\" id=\"word-16\"\u003EThe\u003C/span\u003E \u003Cspan class=\"word\" id=\"word-17\"\u003Ecrocodiles\u003C/span\u003E \u003Cspan class=\"word\" id=\"word-18\"\u003Esnapped\u003C/span\u003E \u003Cspan class=\"word\" id=\"word-19\"\u003Etheir\u003C/span\u003E \u003Cspan class=\"word\" id=\"word-20\"\u003Ejaws.\u003C/span\u003E \u003Cspan class=\"word\" id=\"word-21\"\u003ESniffles\u003C/span\u003E \u003Cspan class=\"word\" id=\"word-22\"\u003Ewas\u003C/span\u003E \u003Cspan class=\"word\" id=\"word-23\"\u003Ein\u003C/span\u003E \u003Cspan class=\"word\" id=\"word-24\"\u003Efront,\u003C/span\u003E \u003Cspan class=\"word\" id=\"word-25\"\u003Egnashing\u003C/span\u003E \u003Cspan class=\"word\" id=\"word-26\"\u003Ehis\u003C/span\u003E \u003Cspan class=\"word\" id=\"word-27\"\u003Eteeth\u003C/span\u003E \u003Cspan class=\"word\" id=\"word-28\"\u003Eand\u003C/span\u003E \u003Cspan class=\"word\" id=\"word-29\"\u003Ewhipping\u003C/span\u003E \u003Cspan class=\"word\" id=\"word-30\"\u003Ehis\u003C/span\u003E \u003Cspan class=\"word\" id=\"word-31\"\u003Etail\u003C/span\u003E \u003Cspan class=\"word\" id=\"word-32\"\u003Earound\u003C/span\u003E \u003Cspan class=\"word\" id=\"word-33\"\u003Emost\u003C/span\u003E \u003Cspan class=\"word\" id=\"word-34\"\u003Emenacingly.\u003C/span\u003E \u003Cspan class=\"word\" id=\"word-35\"\u003EThe\u003C/span\u003E \u003Cspan class=\"word\" id=\"word-36\"\u003Emen\u003C/span\u003E \u003Cspan class=\"word\" id=\"word-37\"\u003Ewere\u003C/span\u003E \u003Cspan class=\"word\" id=\"word-38\"\u003Eso\u003C/span\u003E \u003Cspan class=\"word\" id=\"word-39\"\u003Efrightened\u003C/span\u003E \u003Cspan class=\"word\" id=\"word-40\"\u003Ethat\u003C/span\u003E \u003Cspan class=\"word\" id=\"word-41\"\u003Ethey\u003C/span\u003E \u003Cspan class=\"word\" id=\"word-42\"\u003Etook\u003C/span\u003E \u003Cspan class=\"word\" id=\"word-43\"\u003Eto\u003C/span\u003E \u003Cspan class=\"word\" id=\"word-44\"\u003Etheir\u003C/span\u003E \u003Cspan class=\"word\" id=\"word-45\"\u003Eheels\u003C/span\u003E \u003Cspan class=\"word\" id=\"word-46\"\u003Eand\u003C/span\u003E \u003Cspan class=\"word\" id=\"word-47\"\u003Eran\u003C/span\u003E \u003Cspan class=\"word\" id=\"word-48\"\u003Eright\u003C/span\u003E \u003Cspan class=\"word\" id=\"word-49\"\u003Eout\u003C/span\u003E \u003Cspan class=\"word\" id=\"word-50\"\u003Eof\u003C/span\u003E \u003Cspan class=\"word\" id=\"word-51\"\u003Ethe\u003C/span\u003E \u003Cspan class=\"word\" id=\"word-52\"\u003Eswamp.\u003C/span\u003E \u003Cspan class=\"word\" id=\"word-53\"\u003EThe\u003C/span\u003E \u003Cspan class=\"word\" id=\"word-54\"\u003Eother\u003C/span\u003E \u003Cspan class=\"word\" id=\"word-55\"\u003Ecrocodiles\u003C/span\u003E \u003Cspan class=\"word\" id=\"word-56\"\u003Ewere\u003C/span\u003E \u003Cspan class=\"word\" id=\"word-57\"\u003Every\u003C/span\u003E \u003Cspan class=\"word\" id=\"word-58\"\u003Eproud\u003C/span\u003E \u003Cspan class=\"word\" id=\"word-59\"\u003Eof\u003C/span\u003E \u003Cspan class=\"word\" id=\"word-60\"\u003ESniffles,\u003C/span\u003E \u003Cspan class=\"word\" id=\"word-61\"\u003Eas\u003C/span\u003E \u003Cspan class=\"word\" id=\"word-62\"\u003Ehe\u003C/span\u003E \u003Cspan class=\"word\" id=\"word-63\"\u003Ehad\u003C/span\u003E \u003Cspan class=\"word\" id=\"word-64\"\u003Eacted\u003C/span\u003E \u003Cspan class=\"word\" id=\"word-65\"\u003Elike\u003C/span\u003E \u003Cspan class=\"word\" id=\"word-66\"\u003Ea\u003C/span\u003E \u003Cspan class=\"word\" id=\"word-67\"\u003Ereal\u003C/span\u003E \u003Cspan class=\"word\" id=\"word-68\"\u003Ecrocodile.\u003C/span\u003E \u003Cspan class=\"word\" id=\"word-69\"\u003ENow\u003C/span\u003E \u003Cspan class=\"word\" id=\"word-70\"\u003ESniffles\u003C/span\u003E \u003Cspan class=\"word\" id=\"word-71\"\u003Ewas\u003C/span\u003E \u003Cspan class=\"word\" id=\"word-72\"\u003Ealso\u003C/span\u003E \u003Cspan class=\"word\" id=\"word-73\"\u003Eproud\u003C/span\u003E \u003Cspan class=\"word\" id=\"word-74\"\u003Eto\u003C/span\u003E \u003Cspan class=\"word\" id=\"word-75\"\u003Ebe\u003C/span\u003E \u003Cspan class=\"word\" id=\"word-76\"\u003Eone.\u003C/span\u003E\u003Cbr\u003E\n    \u003C/span\u003E\n  ","image_alignment":"middle","name":"text","order":0,"page_name":"7","style":{"top":18.078125,"left":43.078125,"top_ratio":42.37,"left_ratio":23.72,"width":920,"height":210,"line-height":"1.2","font-family":"Arial","font-size":"25px"},"text":"A few of the crocodiles made a circle around the men as they came close. The crocodiles snapped their jaws. Sniffles was in front, gnashing his teeth and whipping his tail around most menacingly. The men were so frightened that they took to their heels and ran right out of the swamp. The other crocodiles were very proud of Sniffles, as he had acted like a real crocodile. Now Sniffles was also proud to be one.\n","type":"text","updated_at":"2014-03-22T07:16:39.135Z","id":"532c252669702d63b9bb0000"},{"alignment":"middle","audio_id":null,"created_at":"2014-03-21T11:40:22.738Z","html":null,"name":"image","order":0,"page_name":"7","style":{"top":null,"left":null},"text":"","type":"image","updated_at":"2014-03-21T11:50:16.857Z","url":"res/9842219ec7.jpg","id":"532c252669702d668dec0000"},{"audio_id":null,"created_at":"2014-03-22T06:42:34.576Z","highlight":"rgb(255, 153, 102)","html":null,"name":"","order":0,"style":{"top":null,"left":null},"text":"","text_id":"532c252669702d63b9bb0000","type":"audio","updated_at":"2014-03-22T06:47:58.804Z","url":"res/a21ff57933.mp3","wordMap":[{"word":"A ","step":10,"wordIdx":1},{"word":"few","step":11,"wordIdx":2},{"word":"of","step":14,"wordIdx":3},{"word":"the","step":15,"wordIdx":4},{"word":"crocodiles","step":17,"wordIdx":5},{"word":"made","step":24,"wordIdx":6},{"word":"a","step":26,"wordIdx":7},{"word":"circle","step":28,"wordIdx":8},{"word":"around","step":33,"wordIdx":9},{"word":"the","step":36,"wordIdx":10},{"word":"men","step":39,"wordIdx":11},{"word":"as","step":44,"wordIdx":12},{"word":"they","step":45,"wordIdx":13},{"word":"came","step":46,"wordIdx":14},{"word":"close.","step":51,"wordIdx":15},{"word":"The","step":64,"wordIdx":16},{"word":"crocodiles","step":65,"wordIdx":17},{"word":"snapped","step":70,"wordIdx":18},{"word":"their","step":76,"wordIdx":19},{"word":"jaws.","step":79,"wordIdx":20},{"word":"Sniffles","step":91,"wordIdx":21},{"word":"was","step":96,"wordIdx":22},{"word":"in","step":97,"wordIdx":23},{"word":"front,","step":99,"wordIdx":24},{"word":"gnashing","step":109,"wordIdx":25},{"word":"his","step":113,"wordIdx":26},{"word":"teeth","step":116,"wordIdx":27},{"word":"and","step":122,"wordIdx":28},{"word":"whipping","step":123,"wordIdx":29},{"word":"his","step":127,"wordIdx":30},{"word":"tail","step":130,"wordIdx":31},{"word":"around","step":134,"wordIdx":32},{"word":"most","step":140,"wordIdx":33},{"word":"menacingly.","step":147,"wordIdx":34},{"word":"The","step":162,"wordIdx":35},{"word":"men","step":163,"wordIdx":36},{"word":"were","step":165,"wordIdx":37},{"word":"so","step":168,"wordIdx":38},{"word":"frightened","step":172,"wordIdx":39},{"word":"that","step":180,"wordIdx":40},{"word":"they","step":183,"wordIdx":41},{"word":"took","step":185,"wordIdx":42},{"word":"to","step":186,"wordIdx":43},{"word":"their","step":187,"wordIdx":44},{"word":"heels","step":189,"wordIdx":45},{"word":"and","step":195,"wordIdx":46},{"word":"ran","step":197,"wordIdx":47},{"word":"right","step":200,"wordIdx":48},{"word":"out","step":205,"wordIdx":49},{"word":"of","step":207,"wordIdx":50},{"word":"the","step":210,"wordIdx":51},{"word":"swamp.","step":211,"wordIdx":52},{"word":"The","step":221,"wordIdx":53},{"word":"other","step":226,"wordIdx":54},{"word":"crocodiles","step":229,"wordIdx":55},{"word":"were","step":235,"wordIdx":56},{"word":"very","step":239,"wordIdx":57},{"word":"proud","step":243,"wordIdx":58},{"word":"of","step":246,"wordIdx":59},{"word":"Sniffles,","step":249,"wordIdx":60},{"word":"as","step":259,"wordIdx":61},{"word":"he","step":260,"wordIdx":62},{"word":"had","step":263,"wordIdx":63},{"word":"acted","step":264,"wordIdx":64},{"word":"like","step":270,"wordIdx":65},{"word":"a","step":273,"wordIdx":66},{"word":"real","step":275,"wordIdx":67},{"word":"crocodile.","step":278,"wordIdx":68},{"word":"Now","step":283,"wordIdx":69},{"word":"Sniffles","step":301,"wordIdx":70},{"word":"was","step":305,"wordIdx":71},{"word":"also","step":306,"wordIdx":72},{"word":"proud","step":312,"wordIdx":73},{"word":"to","step":315,"wordIdx":74},{"word":"be","step":318,"wordIdx":75},{"word":"one.","step":321,"wordIdx":76}],"wordTimes":[0.952021,1.081021,1.3805209999999999,1.5055209999999999,1.659021,2.425021,2.5545210000000003,2.809521,3.310521,3.594021,3.859521,4.363021,4.482521,4.646521,5.071521,6.366021,6.485521,7.016021,7.561021,7.933521,9.062021,9.565521,9.688521,9.869021,10.920521,11.293021,11.586521,12.218521,12.333521,12.720021,12.968021,13.395021,14.022521,14.680521,16.186021,16.341521,16.52852,16.780021,17.150021,18.045521,18.326021,18.454521,18.581521,18.748021,18.913021,19.455521,19.702521,19.953521,20.457521,20.713521,20.967521,21.097521,22.141521,22.643521,22.890521,23.519521,23.947521,24.323521,24.606021,24.872021,25.872521,26.000021,26.280521,26.411021,26.952021,27.333521,27.456521,27.834521,28.334021,30.110521,30.512021,30.640521,31.169521,31.540021,31.822521,32.073021],"id":"532d30da69702d59bc020000"}],"name":"7","pageNo":1,"pageable_id":"532d3f6169702d6638030000","pageable_type":"LiveStory","type":"page","updated_at":"2014-03-21T11:39:58.473Z","id":"532d3f6169702d6638240000"},{"child":"532d3f6169702d6638040000","created_at":"2014-03-21T11:40:27.124Z","deleted_at":null,"game_cover":null,"is_avail":true,"layers":[{"alignment":"middle","audio_id":null,"created_at":"2014-03-21T11:40:29.313Z","html":null,"name":"image","order":0,"page_name":"8","style":{"top":null,"left":null},"text":"","type":"image","updated_at":"2014-03-21T11:50:51.577Z","url":"res/cbd4ad8613.jpg","id":"532c252d69702d32742a0000"},{"alignment":"left","audio":true,"audio_id":"532d38dc69702d60fd000000","created_at":"2014-03-21T11:40:29.398Z","html":"\n    \n    \u003Cspan class=\"innerText\" style=\"\"\u003E\n   \u003Cspan class=\"word\" id=\"word-1\"\u003EAll \u003C/span\u003E \u003Cspan class=\"word\" id=\"word-2\"\u003Ethe\u003C/span\u003E \u003Cspan class=\"word\" id=\"word-3\"\u003Ebutterflies\u003C/span\u003E \u003Cspan class=\"word\" id=\"word-4\"\u003Eflew\u003C/span\u003E \u003Cspan class=\"word\" id=\"word-5\"\u003Earound\u003C/span\u003E \u003Cspan class=\"word\" id=\"word-6\"\u003Ethe\u003C/span\u003E \u003Cspan class=\"word\" id=\"word-7\"\u003Ecrocodiles,\u003C/span\u003E \u003Cspan class=\"word\" id=\"word-8\"\u003Efluttering\u003C/span\u003E \u003Cspan class=\"word\" id=\"word-9\"\u003Etheir\u003C/span\u003E \u003Cspan class=\"word\" id=\"word-10\"\u003Ewings.\u003C/span\u003E \u003Cspan class=\"word\" id=\"word-11\"\u003E\"Thank\u003C/span\u003E \u003Cspan class=\"word\" id=\"word-12\"\u003Eyou,\u003C/span\u003E \u003Cspan class=\"word\" id=\"word-13\"\u003ESniffles,\u003C/span\u003E \u003Cspan class=\"word\" id=\"word-14\"\u003EThank\u003C/span\u003E \u003Cspan class=\"word\" id=\"word-15\"\u003Eyou,\u003C/span\u003E \u003Cspan class=\"word\" id=\"word-16\"\u003Ecrocodiles.\"\u003C/span\u003E \u003Cspan class=\"word\" id=\"word-17\"\u003E\"It\u003C/span\u003E \u003Cspan class=\"word\" id=\"word-18\"\u003Eis\u003C/span\u003E \u003Cspan class=\"word\" id=\"word-19\"\u003Ealright,\"\u003C/span\u003E \u003Cspan class=\"word\" id=\"word-20\"\u003Esaid\u003C/span\u003E \u003Cspan class=\"word\" id=\"word-21\"\u003ESniffles\u003C/span\u003E \u003Cspan class=\"word\" id=\"word-22\"\u003Eshyly.\u003C/span\u003E \u003Cspan class=\"word\" id=\"word-23\"\u003E\"That\u003C/span\u003E \u003Cspan class=\"word\" id=\"word-24\"\u003Eis\u003C/span\u003E \u003Cspan class=\"word\" id=\"word-25\"\u003Ewhat\u003C/span\u003E \u003Cspan class=\"word\" id=\"word-26\"\u003Efriends\u003C/span\u003E \u003Cspan class=\"word\" id=\"word-27\"\u003Eare\u003C/span\u003E \u003Cspan class=\"word\" id=\"word-28\"\u003Efor,\u003C/span\u003E \u003Cspan class=\"word\" id=\"word-29\"\u003Eto\u003C/span\u003E \u003Cspan class=\"word\" id=\"word-30\"\u003Etake\u003C/span\u003E \u003Cspan class=\"word\" id=\"word-31\"\u003Ecare\u003C/span\u003E \u003Cspan class=\"word\" id=\"word-32\"\u003Eof\u003C/span\u003E \u003Cspan class=\"word\" id=\"word-33\"\u003Eeach\u003C/span\u003E \u003Cspan class=\"word\" id=\"word-34\"\u003Eother.\"\u003C/span\u003E\u003Cbr\u003E\n    \u003C/span\u003E\n  ","image_alignment":"middle","name":"text","order":0,"page_name":"8","style":{"top":295.9375,"left":179,"top_ratio":2.59,"left_ratio":5.71,"width":675,"height":157,"line-height":"1.2","font-family":"Arial","font-size":"25px"},"text":"All the butterflies flew around the crocodiles, fluttering their wings. \"Thank you, Sniffles, Thank you, crocodiles.\" \"It is alright,\" said Sniffles shyly. \"That is what friends are for, to take care of each other.\"\n","type":"text","updated_at":"2014-03-22T07:20:27.483Z","id":"532c252d69702d63b9bc0000"},{"audio_id":null,"created_at":"2014-03-22T07:16:44.031Z","highlight":"rgb(255, 153, 102)","html":null,"name":"","order":0,"style":{"top":null,"left":null},"text":"","text_id":"532c252d69702d63b9bc0000","type":"audio","updated_at":"2014-03-22T07:17:34.137Z","url":"res/f8e4fdcaf7.mp3","wordMap":[{"word":"All ","step":6,"wordIdx":1},{"word":"the","step":9,"wordIdx":2},{"word":"butterflies","step":11,"wordIdx":3},{"word":"flew","step":20,"wordIdx":4},{"word":"around","step":22,"wordIdx":5},{"word":"the","step":27,"wordIdx":6},{"word":"crocodiles,","step":29,"wordIdx":7},{"word":"fluttering","step":40,"wordIdx":8},{"word":"their","step":44,"wordIdx":9},{"word":"wings.","step":47,"wordIdx":10},{"word":"\"Thank","step":54,"wordIdx":11},{"word":"you,","step":61,"wordIdx":12},{"word":"Sniffles,","step":63,"wordIdx":13},{"word":"Thank","step":73,"wordIdx":14},{"word":"you,","step":76,"wordIdx":15},{"word":"crocodiles.\"","step":78,"wordIdx":16},{"word":"\"It","step":90,"wordIdx":17},{"word":"is","step":92,"wordIdx":18},{"word":"alright,\"","step":95,"wordIdx":19},{"word":"said","step":102,"wordIdx":20},{"word":"Sniffles","step":106,"wordIdx":21},{"word":"shyly.","step":110,"wordIdx":22},{"word":"\"That","step":120,"wordIdx":23},{"word":"is","step":121,"wordIdx":24},{"word":"what","step":123,"wordIdx":25},{"word":"friends","step":125,"wordIdx":26},{"word":"are","step":130,"wordIdx":27},{"word":"for,","step":132,"wordIdx":28},{"word":"to","step":139,"wordIdx":29},{"word":"take","step":140,"wordIdx":30},{"word":"care","step":143,"wordIdx":31},{"word":"of","step":147,"wordIdx":32},{"word":"each","step":149,"wordIdx":33},{"word":"other.\"","step":153,"wordIdx":34}],"wordTimes":[0.576521,0.891021,1.093021,1.9730210000000001,2.236021,2.738521,2.867521,4.025521,4.406021,4.652521,5.413521,6.058021,6.313021,7.335521,7.587021,7.8395209999999995,8.968520999999999,9.216021,9.467021,10.223521,10.629021,11.006021,12.008521,12.132521,12.256521,12.526021,13.028521,13.152021,13.902021,14.025021,14.312021,14.688020999999999,14.935521,15.310521],"id":"532d38dc69702d60fd000000"}],"name":"8","pageNo":1,"pageable_id":"532d3f6169702d6638030000","pageable_type":"LiveStory","type":"page","updated_at":"2014-03-22T07:44:33.831Z","id":"532d3f6169702d6638280000"}],"images":[{"complete":false,"created_at":"2014-03-21T11:39:05.751Z","deleted_at":null,"media_filename":"98655026a5.jpg","original_filename":"page_02_bg.jpg","updated_at":"2014-03-21T11:39:05.751Z","viewable_id":"532d3f6169702d6638030000","viewable_type":"LiveStory","id":"532d3f6169702d6638290000"},{"complete":false,"created_at":"2014-03-21T11:39:05.824Z","deleted_at":null,"media_filename":"e2dadb8c79.jpg","original_filename":"cover-page_01.jpg","updated_at":"2014-03-21T11:39:05.824Z","viewable_id":"532d3f6169702d6638030000","viewable_type":"LiveStory","id":"532d3f6169702d66382a0000"},{"complete":false,"created_at":"2014-03-21T11:39:08.013Z","deleted_at":null,"media_filename":"5198704261.jpg","original_filename":"page_01_bg.jpg","updated_at":"2014-03-21T11:39:08.013Z","viewable_id":"532d3f6169702d6638030000","viewable_type":"LiveStory","id":"532d3f6269702d66382b0000"},{"complete":false,"created_at":"2014-03-21T11:39:08.240Z","deleted_at":null,"media_filename":"0a9d9c6493.jpg","original_filename":"page_04_bg.jpg","updated_at":"2014-03-21T11:39:08.240Z","viewable_id":"532d3f6169702d6638030000","viewable_type":"LiveStory","id":"532d3f6269702d66382c0000"},{"complete":false,"created_at":"2014-03-21T11:39:08.337Z","deleted_at":null,"media_filename":"dba7e4fbb7.jpg","original_filename":"page_03_bg.jpg","updated_at":"2014-03-21T11:39:08.337Z","viewable_id":"532d3f6169702d6638030000","viewable_type":"LiveStory","id":"532d3f6269702d66382d0000"},{"complete":false,"created_at":"2014-03-21T11:39:41.248Z","deleted_at":null,"media_filename":"25ce43e980.jpg","original_filename":"page_05_bg.jpg","updated_at":"2014-03-21T11:39:41.248Z","viewable_id":"532d3f6169702d6638030000","viewable_type":"LiveStory","id":"532d3f6269702d66382e0000"},{"complete":false,"created_at":"2014-03-21T11:39:45.850Z","deleted_at":null,"media_filename":"7b33f5ef0f.jpg","original_filename":"page_06_bg.jpg","updated_at":"2014-03-21T11:39:45.850Z","viewable_id":"532d3f6169702d6638030000","viewable_type":"LiveStory","id":"532d3f6269702d66382f0000"},{"complete":false,"created_at":"2014-03-21T11:39:46.360Z","deleted_at":null,"media_filename":"9842219ec7.jpg","original_filename":"page_07_bg.jpg","updated_at":"2014-03-21T11:39:46.360Z","viewable_id":"532d3f6169702d6638030000","viewable_type":"LiveStory","id":"532d3f6269702d6638300000"},{"complete":false,"created_at":"2014-03-21T11:39:47.472Z","deleted_at":null,"media_filename":"cbd4ad8613.jpg","original_filename":"page_08_bg.jpg","updated_at":"2014-03-21T11:39:47.472Z","viewable_id":"532d3f6169702d6638030000","viewable_type":"LiveStory","id":"532d3f6269702d6638310000"}],"audios":[{"complete":false,"created_at":"2014-03-21T11:55:04.112Z","deleted_at":null,"hearable_id":"532d3f6169702d6638030000","hearable_type":"LiveStory","media_filename":"f8e4fdcaf7.mp3","original_filename":"8.mp3","updated_at":"2014-03-21T11:55:04.112Z","id":"532d3f6269702d6638380000"},{"complete":false,"created_at":"2014-03-21T11:55:04.299Z","deleted_at":null,"hearable_id":"532d3f6169702d6638030000","hearable_type":"LiveStory","media_filename":"a21ff57933.mp3","original_filename":"7.mp3","updated_at":"2014-03-21T11:55:04.299Z","id":"532d3f6269702d6638390000"},{"complete":false,"created_at":"2014-03-21T11:54:55.022Z","deleted_at":null,"hearable_id":"532d3f6169702d6638030000","hearable_type":"LiveStory","media_filename":"b57da09c2e.mp3","original_filename":"1.mp3","updated_at":"2014-03-21T11:54:55.022Z","id":"532d3f6269702d6638320000"},{"complete":false,"created_at":"2014-03-21T11:54:55.030Z","deleted_at":null,"hearable_id":"532d3f6169702d6638030000","hearable_type":"LiveStory","media_filename":"3ce3b8c8a8.mp3","original_filename":"3.mp3","updated_at":"2014-03-21T11:54:55.030Z","id":"532d3f6269702d6638330000"},{"complete":false,"created_at":"2014-03-21T11:54:55.092Z","deleted_at":null,"hearable_id":"532d3f6169702d6638030000","hearable_type":"LiveStory","media_filename":"57667943c4.mp3","original_filename":"5.mp3","updated_at":"2014-03-21T11:54:55.092Z","id":"532d3f6269702d6638340000"},{"complete":false,"created_at":"2014-03-21T11:54:55.075Z","deleted_at":null,"hearable_id":"532d3f6169702d6638030000","hearable_type":"LiveStory","media_filename":"9dc42f273b.mp3","original_filename":"2.mp3","updated_at":"2014-03-21T11:54:55.075Z","id":"532d3f6269702d6638350000"},{"complete":false,"created_at":"2014-03-21T11:54:55.386Z","deleted_at":null,"hearable_id":"532d3f6169702d6638030000","hearable_type":"LiveStory","media_filename":"9f47bcb8e5.mp3","original_filename":"6.mp3","updated_at":"2014-03-21T11:54:55.386Z","id":"532d3f6269702d6638360000"},{"complete":false,"created_at":"2014-03-21T11:55:02.451Z","deleted_at":null,"hearable_id":"532d3f6169702d6638030000","hearable_type":"LiveStory","media_filename":"7fd71a223d.mp3","original_filename":"4.mp3","updated_at":"2014-03-21T11:55:02.451Z","id":"532d3f6269702d6638370000"}]}